datetime,open,high,low,close,volume,turnover,open_interest
2019-09-10 00:00:00,3487.30,3511.74,3474.38,3487.30,2865966,100128834460.00,920
2019-09-11 00:00:00,3482.23,3498.72,3462.58,3482.23,3244544,112971257740.00,932
2019-09-12 00:00:00,3542.58,3542.58,3468.22,3542.58,3465590,121429438360.00,928
2019-09-16 00:00:00,3554.92,3564.18,3524.74,3554.92,2481680,88032392520.00,960
2019-09-17 00:00:00,3525.45,3562.63,3505.40,3525.45,3043290,107498372620.00,1346
2019-09-18 00:00:00,3486.11,3524.18,3481.93,3486.11,3255684,114327357000.00,2338
2019-09-19 00:00:00,3391.21,3481.64,3383.92,3391.21,4824992,166317091980.00,4136
2019-09-20 00:00:00,3373.15,3389.46,3358.83,3373.15,3226278,109385568740.00,5084
2019-09-23 00:00:00,3484.09,3485.03,3363.23,3484.09,5008504,172654245900.00,4652
2019-09-24 00:00:00,3452.01,3518.00,3443.17,3452.01,5380284,188558621240.00,4318
2019-09-25 00:00:00,3472.22,3485.81,3452.90,3472.22,3279380,114355836380.00,4976
2019-09-26 00:00:00,3419.36,3483.58,3409.64,3419.36,5187582,179806641860.00,5222
2019-09-27 00:00:00,3406.86,3425.15,3387.40,3406.86,2737986,93814075840.00,5674
2019-09-30 00:00:00,3434.22,3497.59,3401.04,3434.22,3528360,122653374280.00,5466
2019-10-08 00:00:00,3369.74,3430.90,3366.09,3369.74,2781410,94992485500.00,6982
2019-10-09 00:00:00,3377.81,3395.77,3357.09,3377.81,3656008,124278265060.00,7706
2019-10-10 00:00:00,3379.30,3394.07,3352.24,3379.30,3786022,128771674020.00,8102
2019-10-11 00:00:00,3370.99,3380.42,3339.74,3370.99,3598142,121854797620.00,8848
2019-10-14 00:00:00,3321.72,3401.37,3320.94,3321.72,3950892,134038666040.00,9394
2019-10-15 00:00:00,3317.71,3334.11,3288.34,3317.71,3787142,126022287820.00,10238
2019-10-16 00:00:00,3268.45,3326.41,3259.99,3268.45,4234746,140093406080.00,45444
2019-10-17 00:00:00,3295.97,3300.42,3256.06,3295.97,3617494,119026038060.00,53138
2019-10-18 00:00:00,3280.88,3300.53,3232.05,3280.88,4660674,152949029280.00,68124
2019-10-21 00:00:00,3261.15,3288.73,3248.58,3261.15,3319616,109120014320.00,72588
2019-10-22 00:00:00,3286.25,3291.92,3251.78,3286.25,3829894,126161901540.00,75556
2019-10-23 00:00:00,3280.98,3316.41,3268.81,3280.98,4190218,138829256120.00,80156
2019-10-24 00:00:00,3285.43,3293.54,3256.61,3285.43,4017390,132387245820.00,84468
2019-10-25 00:00:00,3310.16,3310.92,3271.48,3310.16,3405266,112708814640.00,93186
2019-10-28 00:00:00,3294.13,3329.84,3289.22,3294.13,3294138,109726809080.00,94162
2019-10-29 00:00:00,3312.64,3321.85,3283.14,3312.64,2914358,97036992840.00,94812
2019-10-30 00:00:00,3334.16,3335.88,3295.00,3334.16,3704600,123722232240.00,99054
2019-10-31 00:00:00,3326.89,3349.08,3319.91,3326.89,3250208,109270599860.00,99920
2019-11-01 00:00:00,3338.94,3339.80,3306.74,3338.94,2987620,100138267980.00,103222
2019-11-04 00:00:00,3338.12,3343.29,3320.13,3338.12,2979980,100181202880.00,106768
2019-11-05 00:00:00,3383.50,3384.45,3326.55,3383.50,3853364,130301407160.00,108518
2019-11-06 00:00:00,3389.24,3414.46,3378.27,3389.24,3808776,130311461400.00,108020
2019-11-07 00:00:00,3366.40,3402.94,3364.51,3366.40,3225782,110333634460.00,111542
2019-11-08 00:00:00,3360.55,3371.63,3351.83,3360.55,2772828,93948896720.00,115444
2019-11-11 00:00:00,3326.26,3354.76,3302.87,3326.26,4265286,142727242000.00,143016
2019-11-12 00:00:00,3388.82,3391.47,3312.06,3388.82,4449392,150856835420.00,138046
2019-11-13 00:00:00,3384.79,3400.62,3371.54,3384.79,2731262,93392988420.00,135400
2019-11-14 00:00:00,3453.19,3461.79,3380.15,3453.19,5179282,178268417600.00,150186
2019-11-15 00:00:00,3481.11,3490.48,3446.04,3481.11,4135754,144722281040.00,152206
2019-11-18 00:00:00,3476.19,3499.74,3458.32,3476.19,4265520,149635586420.00,161542
2019-11-19 00:00:00,3540.73,3542.77,3466.91,3540.73,6011362,213221126200.00,164930
2019-11-20 00:00:00,3576.33,3589.91,3532.46,3576.33,5236258,189031417740.00,172910
2019-11-21 00:00:00,3527.48,3585.47,3520.20,3527.48,5074752,182532742440.00,179656
2019-11-22 00:00:00,3556.34,3565.27,3522.65,3556.34,4199478,150823352280.00,178900
2019-11-25 00:00:00,3590.87,3609.74,3530.54,3590.87,5223984,189273978200.00,186660
2019-11-26 00:00:00,3511.10,3582.54,3507.87,3511.10,4947512,177021530020.00,209590
2019-11-27 00:00:00,3495.03,3517.06,3480.91,3495.03,3848990,136568724720.00,217060
2019-11-28 00:00:00,3527.04,3536.59,3472.41,3527.04,5363386,189071397920.00,209310
2019-11-29 00:00:00,3526.59,3549.39,3493.75,3526.59,5205734,184746918980.00,222774
2019-12-02 00:00:00,3526.60,3537.68,3478.57,3526.60,4729848,167388155280.00,241310
2019-12-03 00:00:00,3490.35,3532.36,3489.33,3490.35,3121802,110796309500.00,256774
2019-12-04 00:00:00,3493.21,3522.31,3464.74,3493.21,3941348,138818542680.00,268206
2019-12-05 00:00:00,3477.73,3525.35,3475.77,3477.73,3709210,129983130620.00,278644
2019-12-06 00:00:00,3501.41,3505.87,3459.95,3501.41,3445722,119546493040.00,284392
2019-12-09 00:00:00,3562.45,3584.06,3484.95,3562.45,5597476,197348595500.00,274102
2019-12-10 00:00:00,3555.28,3579.17,3546.88,3555.28,2998356,106121307580.00,290390
2019-12-11 00:00:00,3592.47,3596.39,3550.02,3592.47,3596142,128216120920.00,299146
2019-12-12 00:00:00,3579.99,3618.63,3560.89,3579.99,3927540,139883958440.00,320600
2019-12-13 00:00:00,3567.33,3592.74,3549.41,3567.33,3375916,119655002520.00,328054
2019-12-16 00:00:00,3525.06,3594.35,3518.58,3525.06,4877536,172114053700.00,367192
2019-12-17 00:00:00,3518.98,3529.29,3496.48,3518.98,2734862,95516305360.00,374162
2019-12-18 00:00:00,3509.57,3531.34,3504.51,3509.57,2235916,78165854160.00,382516
2019-12-19 00:00:00,3544.31,3550.02,3496.59,3544.31,3128520,109760856580.00,374520
2019-12-20 00:00:00,3531.64,3558.33,3523.86,3531.64,2745516,96772583280.00,377266
2019-12-23 00:00:00,3557.73,3567.09,3528.95,3557.73,2885092,102222702040.00,381050
2019-12-24 00:00:00,3528.82,3567.59,3521.26,3528.82,2764724,97591953520.00,397140
2019-12-25 00:00:00,3499.76,3535.71,3498.49,3499.76,2122610,74542077000.00,416428
2019-12-26 00:00:00,3539.41,3541.94,3482.97,3539.41,2795286,98034863480.00,416764
2019-12-27 00:00:00,3549.25,3561.06,3530.39,3549.25,2418308,85653551900.00,416432
2019-12-30 00:00:00,3552.47,3568.18,3536.23,3552.47,2159892,76715054460.00,422640
2019-12-31 00:00:00,3569.48,3577.88,3540.91,3569.48,2912860,103927443800.00,410102
2020-01-02 00:00:00,3537.90,3583.38,3532.06,3537.90,1087440,38695029100.00,213840
2020-01-03 00:00:00,3530.94,3553.36,3530.53,3530.94,842964,29906190580.00,216984
2020-01-06 00:00:00,3543.92,3550.25,3512.04,3543.92,1051174,37249936040.00,225809
2020-01-07 00:00:00,3555.20,3560.86,3539.09,3555.20,762582,27165576110.00,222384
2020-01-08 00:00:00,3596.20,3599.60,3553.06,3596.20,1130560,40623209920.00,221137
2020-01-09 00:00:00,3536.09,3599.86,3531.46,3536.09,1239023,44352147750.00,234750
2020-01-10 00:00:00,3550.12,3561.29,3533.38,3550.12,701770,25001493020.00,236256
2020-01-13 00:00:00,3509.41,3544.47,3508.43,3509.41,928590,32867474930.00,255594
2020-01-14 00:00:00,3545.55,3547.87,3495.34,3545.55,972947,34427786130.00,259301
2020-01-15 00:00:00,3513.83,3553.28,3513.51,3513.83,918526,32596873500.00,265402
2020-01-16 00:00:00,3539.05,3550.95,3511.38,3539.05,1034246,36578634850.00,298827
2020-01-17 00:00:00,3564.17,3576.29,3532.06,3564.17,989223,35349730320.00,296137
2020-01-20 00:00:00,3574.81,3587.27,3558.76,3574.81,722340,25898737900.00,299626
2020-01-21 00:00:00,3540.17,3574.06,3525.85,3540.17,965634,34376057270.00,307872
2020-01-22 00:00:00,3526.47,3535.57,3476.85,3526.47,1302468,45821135380.00,334807
2020-01-23 00:00:00,3467.92,3517.06,3459.45,3467.92,1009255,35297594420.00,358834
2020-02-03 00:00:00,3211.80,3465.15,3203.95,3211.80,1681559,54453536900.00,446907
2020-02-04 00:00:00,3299.32,3320.71,3189.07,3299.32,1850245,60596493490.00,535096
2020-02-05 00:00:00,3288.63,3310.97,3275.97,3288.63,1346316,44372653130.00,587681
2020-02-06 00:00:00,3301.58,3314.14,3266.44,3301.58,1497229,49345149780.00,641604
2020-02-07 00:00:00,3329.66,3339.83,3289.20,3329.66,1097230,36339057220.00,681002
2020-02-10 00:00:00,3316.97,3329.98,3292.92,3316.97,1185425,39271773450.00,716356
2020-02-11 00:00:00,3393.86,3473.92,3315.75,3393.86,2799220,95078131800.00,730154
2020-02-12 00:00:00,3403.69,3425.29,3385.22,3403.69,1379798,47000156660.00,734710
2020-02-13 00:00:00,3400.65,3422.14,3387.68,3400.65,1276724,43434131990.00,744304
2020-02-14 00:00:00,3407.95,3413.64,3377.35,3407.95,1234574,41877002540.00,771731
2020-02-17 00:00:00,3443.36,3451.25,3399.25,3443.36,1466306,50215702900.00,826915
2020-02-18 00:00:00,3407.34,3451.32,3403.20,3407.34,1489180,50965293630.00,833887
2020-02-19 00:00:00,3405.36,3412.27,3390.49,3405.36,1171625,39863495120.00,823355
2020-02-20 00:00:00,3463.87,3478.99,3405.26,3463.87,2315140,79764106030.00,827323
2020-02-21 00:00:00,3480.21,3489.32,3457.03,3480.21,1597317,55487579220.00,844226
2020-02-24 00:00:00,3470.74,3501.95,3450.12,3470.74,1803130,62730770550.00,817600
2020-02-25 00:00:00,3489.61,3492.00,3433.94,3489.61,1676912,58096570940.00,868013
2020-02-26 00:00:00,3453.53,3490.06,3446.01,3453.53,1586705,55027491030.00,876313
2020-02-27 00:00:00,3429.79,3459.86,3419.40,3429.79,1391496,47754785930.00,902478
2020-02-28 00:00:00,3348.75,3409.22,3338.29,3348.75,2524494,84955209700.00,943075
2020-03-02 00:00:00,3432.31,3451.89,3336.95,3432.31,2300850,78383627590.00,954884
2020-03-03 00:00:00,3438.48,3470.81,3430.16,3438.48,1531311,52766886540.00,996811
2020-03-04 00:00:00,3488.06,3489.24,3430.04,3488.06,1839465,63651021940.00,1032130
2020-03-05 00:00:00,3477.23,3505.84,3470.66,3477.23,1449969,50508901070.00,1049442
2020-03-06 00:00:00,3452.09,3477.24,3446.60,3452.09,1394947,48215506220.00,1058710
2020-03-09 00:00:00,3449.43,3451.44,3367.71,3449.43,2397801,81722825740.00,1068535
2020-03-10 00:00:00,3481.16,3494.56,3438.20,3481.16,1865330,64685739890.00,1037571
2020-03-11 00:00:00,3490.82,3517.98,3484.72,3490.82,1941245,68060095890.00,1016552
2020-03-12 00:00:00,3502.38,3514.67,3461.71,3502.38,2396039,83863578810.00,1000334
2020-03-13 00:00:00,3536.35,3539.29,3446.08,3536.35,3023773,105820803720.00,982679
2020-03-16 00:00:00,3515.24,3549.44,3502.36,3515.24,1928742,68370244880.00,1046377
2020-03-17 00:00:00,3524.42,3531.07,3493.00,3524.42,1705254,60174359820.00,1045191
2020-03-18 00:00:00,3508.90,3550.27,3495.81,3508.90,2204529,78123230330.00,1088020
2020-03-19 00:00:00,3474.28,3511.20,3288.88,3474.28,4616712,158323626430.00,1149801
2020-03-20 00:00:00,3407.49,3500.37,3392.16,3407.49,2557684,88490570390.00,1162104
2020-03-23 00:00:00,3318.18,3382.89,3299.33,3318.18,2508460,84183298150.00,1302351
2020-03-24 00:00:00,3370.81,3383.84,3308.35,3370.81,2537716,85241652450.00,1283122
2020-03-25 00:00:00,3391.65,3405.32,3362.45,3391.65,1916769,65209533300.00,1305272
2020-03-26 00:00:00,3372.47,3401.34,3365.06,3372.47,1537297,51996086660.00,1355221
2020-03-27 00:00:00,3362.90,3387.23,3351.22,3362.90,1477830,49773456970.00,1398849
2020-03-30 00:00:00,3284.73,3355.16,3268.33,3284.73,2271732,74731862520.00,1578198
2020-03-31 00:00:00,3267.53,3299.75,3254.13,3267.53,1455698,47684803290.00,1641184
2020-04-01 00:00:00,3200.43,3272.39,3188.05,3200.43,2142040,68761106820.00,1837480
2020-04-02 00:00:00,3247.01,3259.23,3124.60,3247.01,2877405,91774290210.00,1774718
2020-04-03 00:00:00,3207.06,3263.35,3196.92,3207.06,1652910,53212571960.00,1721719
2020-04-07 00:00:00,3216.79,3254.06,3201.38,3216.79,1644241,53110815680.00,1755974
2020-04-08 00:00:00,3251.46,3266.00,3195.02,3251.46,1744951,56508449820.00,1712854
2020-04-09 00:00:00,3311.76,3327.57,3252.35,3311.76,2063949,68162307260.00,1742726
2020-04-10 00:00:00,3375.31,3377.06,3304.48,3375.31,1864105,62229664790.00,1731030
2020-04-13 00:00:00,3390.25,3414.67,3357.51,3390.25,1897698,64353645280.00,1784082
2020-04-14 00:00:00,3385.53,3423.87,3371.24,3385.53,1687519,57360431530.00,1774661
2020-04-15 00:00:00,3373.29,3403.83,3357.15,3373.29,1627177,55031810410.00,1787019
2020-04-16 00:00:00,3382.77,3403.96,3348.32,3382.77,1920817,64970077180.00,1775026
2020-04-17 00:00:00,3379.34,3430.82,3368.60,3379.34,1837010,62509726880.00,1755453
2020-04-20 00:00:00,3358.03,3399.65,3356.42,3358.03,1240019,41938243950.00,1789612
2020-04-21 00:00:00,3330.58,3355.40,3301.58,3330.58,1693385,56393322740.00,1789845
2020-04-22 00:00:00,3364.39,3364.39,3295.81,3364.39,1574262,52567373350.00,1836524
2020-04-23 00:00:00,3320.44,3376.99,3316.06,3320.44,1638509,54967842240.00,1807461
2020-04-24 00:00:00,3331.84,3337.14,3308.64,3331.84,1212256,40381531950.00,1792152
2020-04-27 00:00:00,3305.62,3344.36,3298.63,3305.62,1294719,43107839090.00,1789616
2020-04-28 00:00:00,3279.85,3318.46,3263.82,3279.85,1791333,59088288490.00,1820305
2020-04-29 00:00:00,3286.57,3298.05,3272.24,3286.57,1067822,35168564810.00,1836845
2020-04-30 00:00:00,3346.83,3348.36,3284.90,3346.83,1461830,48781497110.00,1766649
2020-05-06 00:00:00,3371.07,3383.25,3345.38,3371.07,1174175,39682764890.00,1743723
2020-05-07 00:00:00,3416.57,3419.47,3372.31,3416.57,1503248,51340737950.00,1863766
2020-05-08 00:00:00,3428.38,3455.78,3417.05,3428.38,1524356,52582111410.00,1847972
2020-05-11 00:00:00,3427.97,3449.86,3409.56,3427.97,1360645,46855108740.00,1836625
2020-05-12 00:00:00,3439.05,3442.01,3416.39,3439.05,1086470,37432837560.00,1862561
2020-05-13 00:00:00,3440.54,3469.78,3410.97,3440.54,1732092,59851101150.00,1853653
2020-05-14 00:00:00,3421.92,3448.87,3420.25,3421.92,1474449,50864525470.00,1874514
2020-05-15 00:00:00,3440.31,3451.35,3404.39,3440.31,1558713,53707970510.00,1864823
2020-05-18 00:00:00,3503.84,3519.59,3432.29,3503.84,2083050,72785887270.00,1783179
2020-05-19 00:00:00,3531.96,3552.17,3496.03,3531.96,1737067,61539567150.00,1793135
2020-05-20 00:00:00,3503.89,3527.75,3497.92,3503.89,1208461,42607076320.00,1779215
2020-05-21 00:00:00,3538.36,3541.42,3500.21,3538.36,1335433,47214972980.00,1749220
2020-05-22 00:00:00,3480.10,3563.52,3478.15,3480.10,2142582,75677103580.00,1684555
2020-05-25 00:00:00,3468.96,3506.28,3458.58,3468.96,1542129,53907742520.00,1673822
2020-05-26 00:00:00,3458.18,3485.81,3454.80,3458.18,1331848,46435787270.00,1661652
2020-05-27 00:00:00,3458.47,3473.45,3432.84,3458.47,1478674,51342678680.00,1651688
2020-05-28 00:00:00,3461.25,3472.42,3436.75,3461.25,1448221,50373605590.00,1620813
2020-05-29 00:00:00,3536.18,3536.18,3456.30,3536.18,1743329,61361064770.00,1681114
2020-06-01 00:00:00,3537.08,3567.55,3518.27,3537.08,1952197,69604000430.00,1609249
2020-06-02 00:00:00,3592.23,3605.35,3527.96,3592.23,1779945,63951391410.00,1762465
2020-06-03 00:00:00,3596.40,3623.46,3583.69,3596.40,1751046,63475824310.00,1732302
2020-06-04 00:00:00,3569.05,3640.19,3568.49,3569.05,2066079,75051696780.00,1714505
2020-06-05 00:00:00,3567.41,3578.39,3554.89,3567.41,1215049,43601366170.00,1668466
2020-06-08 00:00:00,3578.02,3622.08,3546.73,3578.02,1916138,69270189540.00,1653583
2020-06-09 00:00:00,3580.54,3587.90,3550.85,3580.54,1375714,49410072610.00,1680418
2020-06-10 00:00:00,3549.46,3584.71,3542.40,3549.46,1337358,48031379350.00,1754686
2020-06-11 00:00:00,3558.32,3581.58,3536.29,3558.32,1554221,55652045210.00,1707163
2020-06-12 00:00:00,3585.60,3586.97,3523.57,3585.60,1750870,62774354270.00,1749698
2020-06-15 00:00:00,3536.09,3595.71,3531.45,3536.09,1640265,58801419380.00,1755702
2020-06-16 00:00:00,3559.56,3565.45,3533.47,3559.56,1006003,36018298650.00,1738509
2020-06-17 00:00:00,3546.61,3579.67,3534.99,3546.61,1387465,49698245930.00,1772592
2020-06-18 00:00:00,3574.70,3578.93,3544.41,3574.70,1739924,62514351730.00,1785078
2020-06-19 00:00:00,3607.18,3611.26,3571.12,3607.18,1464835,52948370290.00,1841515
2020-06-22 00:00:00,3585.74,3621.46,3580.79,3585.74,1486082,53798382890.00,1850803
2020-06-23 00:00:00,3574.67,3588.10,3571.72,3574.67,931242,33549766820.00,1821110
2020-06-24 00:00:00,3580.46,3584.99,3571.51,3580.46,795031,28608503140.00,1755647
2020-06-29 00:00:00,3513.87,3569.79,3513.02,3513.87,1387333,49230568980.00,1821195
2020-06-30 00:00:00,3526.20,3544.03,3510.05,3526.20,1065220,37803893010.00,1830475
2020-07-01 00:00:00,3526.26,3533.71,3502.73,3526.26,1197237,42457989400.00,1853602
2020-07-02 00:00:00,3529.62,3537.36,3518.28,3529.62,914419,32462554920.00,1912972
2020-07-03 00:00:00,3573.50,3574.25,3528.81,3573.50,1363420,48914951690.00,1925604
2020-07-06 00:00:00,3572.95,3583.10,3558.09,3572.95,1072338,38567228370.00,1911952
2020-07-07 00:00:00,3587.01,3604.32,3570.70,3587.01,1091763,39463771680.00,1922997
2020-07-08 00:00:00,3647.85,3650.58,3587.62,3647.85,1571840,57461051840.00,1988988
2020-07-09 00:00:00,3673.22,3689.24,3652.97,3673.22,1359461,50221583190.00,1972448
2020-07-10 00:00:00,3639.26,3672.85,3630.70,3639.26,1386321,50965328800.00,1945004
2020-07-13 00:00:00,3687.18,3713.73,3636.64,3687.18,1611992,59779105500.00,1942052
2020-07-14 00:00:00,3693.52,3702.70,3665.39,3693.52,1152887,42689543760.00,1955079
2020-07-15 00:00:00,3692.77,3707.50,3669.33,3692.77,1012942,37604211830.00,1977445
2020-07-16 00:00:00,3653.01,3690.11,3642.39,3653.01,1463205,54069931180.00,1988652
2020-07-17 00:00:00,3670.46,3676.84,3634.35,3670.46,1065170,39304803980.00,1965266
2020-07-20 00:00:00,3674.16,3688.47,3664.05,3674.16,462794,17156913270.00,1994176
2020-07-21 00:00:00,3701.76,3702.74,3640.85,3701.76,1235565,45775939060.00,2019696
2020-07-22 00:00:00,3723.49,3754.19,3704.38,3723.49,1399415,52575631200.00,2063677
2020-07-23 00:00:00,3742.57,3744.72,3708.34,3742.57,1018070,38212626290.00,2075978
2020-07-24 00:00:00,3683.01,3743.29,3668.98,3683.01,1690069,63185529460.00,2072848
2020-07-27 00:00:00,3659.23,3717.11,3652.22,3659.23,1261857,46939257430.00,2039471
2020-07-28 00:00:00,3658.46,3699.49,3648.92,3658.46,1167502,43347924550.00,2044291
2020-07-29 00:00:00,3695.11,3704.55,3647.07,3695.11,1030939,38333972590.00,2066937
2020-07-30 00:00:00,3698.18,3715.62,3683.18,3698.18,1009819,37666086800.00,2056203
2020-07-31 00:00:00,3708.92,3711.35,3656.35,3708.92,1413941,52690401760.00,2045964
2020-08-03 00:00:00,3764.77,3770.94,3695.57,3764.77,1378256,52035188520.00,2068714
2020-08-04 00:00:00,3767.63,3784.54,3757.91,3767.63,913005,34697705230.00,2075525
2020-08-05 00:00:00,3758.40,3773.95,3738.13,3758.40,1026703,38913850390.00,2048789
2020-08-06 00:00:00,3790.36,3810.04,3757.47,3790.36,1492445,56833413560.00,2065944
2020-08-07 00:00:00,3771.78,3800.37,3749.34,3771.78,1308344,49785683890.00,2024605
2020-08-10 00:00:00,3763.42,3777.51,3747.00,3763.42,1017550,38537700570.00,2029732
2020-08-11 00:00:00,3743.87,3793.37,3740.38,3743.87,1253360,47549939880.00,1990803
2020-08-12 00:00:00,3753.89,3755.11,3727.52,3753.89,1048071,39458187490.00,2008746
2020-08-13 00:00:00,3741.04,3760.61,3716.76,3741.04,1179964,44365238710.00,1985218
2020-08-14 00:00:00,3745.87,3749.47,3722.20,3745.87,961533,36145399940.00,1972484
2020-08-17 00:00:00,3777.18,3782.26,3735.47,3777.18,1131450,42838347000.00,2000512
2020-08-18 00:00:00,3800.39,3801.58,3776.46,3800.39,972333,36990608010.00,1992593
2020-08-19 00:00:00,3770.53,3812.60,3770.39,3770.53,1376365,52332907350.00,1943694
2020-08-20 00:00:00,3738.84,3770.24,3730.65,3738.84,1504562,56542809050.00,1901823
2020-08-21 00:00:00,3744.92,3765.85,3733.09,3744.92,1041539,39131110770.00,1883407
2020-08-24 00:00:00,3743.01,3763.33,3735.88,3743.01,856819,32237477930.00,1870340
2020-08-25 00:00:00,3721.39,3778.46,3719.79,3721.39,1500771,56444864200.00,1912921
2020-08-26 00:00:00,3732.77,3742.17,3707.01,3732.77,1287797,47989955880.00,1887322
2020-08-27 00:00:00,3724.24,3749.09,3712.39,3724.24,1117806,41743089070.00,1889762
2020-08-28 00:00:00,3735.90,3736.18,3702.77,3735.90,1008792,37570507260.00,1860271
2020-08-31 00:00:00,3776.54,3786.11,3725.79,3776.54,1365143,51408401830.00,1867674
2020-09-01 00:00:00,3769.89,3780.04,3765.51,3769.89,648028,24473720830.00,1861706
2020-09-02 00:00:00,3775.56,3780.08,3752.48,3775.56,1010241,38101955040.00,1846033
2020-09-03 00:00:00,3785.63,3809.47,3771.70,3785.63,1310045,49710115770.00,1871876
2020-09-04 00:00:00,3752.83,3793.74,3731.14,3752.83,1237303,46506918240.00,1805590
2020-09-07 00:00:00,3734.89,3767.05,3725.12,3734.89,1250526,46913601960.00,1793237
2020-09-08 00:00:00,3719.67,3756.55,3718.31,3719.67,926766,34677730730.00,1795724
2020-09-09 00:00:00,3661.72,3727.22,3654.81,3661.72,1631727,60379139500.00,1785669
2020-09-10 00:00:00,3643.45,3684.28,3634.47,3643.45,1250722,45790317810.00,1811875
2020-09-11 00:00:00,3667.08,3670.38,3625.99,3667.08,1019988,37226102170.00,1804993
2020-09-14 00:00:00,3664.38,3679.00,3645.14,3664.38,996697,36506826970.00,1795600
2020-09-15 00:00:00,3594.82,3683.27,3594.82,3594.82,1478497,53825736440.00,1893662
2020-09-16 00:00:00,3577.03,3612.08,3564.38,3577.03,1490684,53476115350.00,1886887
2020-09-17 00:00:00,3571.36,3592.81,3564.39,3571.36,1218806,43612950990.00,1840791
2020-09-18 00:00:00,3593.53,3607.91,3563.75,3593.53,1160559,41685065470.00,1803416
2020-09-21 00:00:00,3532.45,3594.64,3518.30,3532.45,1396715,49575506590.00,1852849
2020-09-22 00:00:00,3528.22,3543.07,3496.21,3528.22,1160669,40974699460.00,1803712
2020-09-23 00:00:00,3531.78,3548.99,3492.50,3531.78,1234579,43561029600.00,1807576
2020-09-24 00:00:00,3540.13,3549.96,3517.16,3540.13,1062493,37647230730.00,1783308
2020-09-25 00:00:00,3513.00,3543.64,3511.45,3513.00,1112418,39315585610.00,1779430
2020-09-28 00:00:00,3528.12,3538.52,3496.21,3528.12,1318932,46548001030.00,1754935
2020-09-29 00:00:00,3522.50,3532.45,3491.16,3522.50,1213386,42678589710.00,1719455
2020-09-30 00:00:00,3544.59,3554.33,3512.88,3544.59,1275710,45263951910.00,1604887
2020-10-09 00:00:00,3615.95,3622.81,3543.58,3615.95,950008,34232283030.00,1571937
2020-10-12 00:00:00,3619.77,3637.06,3611.71,3619.77,831538,30171370090.00,1596625
2020-10-13 00:00:00,3607.42,3627.63,3597.04,3607.42,914904,33094320280.00,1609323
2020-10-14 00:00:00,3596.86,3618.55,3585.55,3596.86,861347,31107511850.00,1631081
2020-10-15 00:00:00,3580.31,3603.15,3556.22,3580.31,1168630,41928612730.00,1696472
2020-10-16 00:00:00,3593.36,3601.09,3561.22,3593.36,1121854,40269061110.00,1722534
2020-10-19 00:00:00,3569.89,3617.43,3553.11,3569.89,1581559,57015605490.00,1781081
2020-10-20 00:00:00,3571.40,3583.73,3566.02,3571.40,704672,25356096240.00,1768520
2020-10-21 00:00:00,3601.99,3603.08,3567.46,3601.99,898686,32482032340.00,1793525
2020-10-22 00:00:00,3595.98,3619.94,3587.49,3595.98,1016512,36942752300.00,1761343
2020-10-23 00:00:00,3573.64,3627.87,3572.90,3573.64,1295918,47101433230.00,1784084
2020-10-26 00:00:00,3568.41,3582.03,3560.39,3568.41,1001931,36033698580.00,1808119
2020-10-27 00:00:00,3570.46,3578.56,3561.81,3570.46,636971,22911475180.00,1813811
2020-10-28 00:00:00,3615.86,3617.11,3570.64,3615.86,1386226,50254854770.00,1803584
2020-10-29 00:00:00,3614.35,3624.92,3595.63,3614.35,1085870,39527320290.00,1799446
2020-10-30 00:00:00,3647.88,3654.39,3601.29,3647.88,1323725,48489774780.00,1826958
2020-11-02 00:00:00,3664.11,3665.37,3639.18,3664.11,895162,32957820360.00,1839658
2020-11-03 00:00:00,3654.21,3673.16,3651.73,3654.21,679354,25093029710.00,1843287
2020-11-04 00:00:00,3694.13,3700.41,3655.86,3694.13,1115146,41411105580.00,1902806
2020-11-05 00:00:00,3688.76,3710.70,3675.33,3688.76,866160,32272833470.00,1888536
2020-11-06 00:00:00,3716.87,3724.67,3686.18,3716.87,836713,31325026140.00,1937808
2020-11-09 00:00:00,3791.71,3804.15,3722.90,3791.71,1280029,48654212490.00,1932366
2020-11-10 00:00:00,3760.47,3811.31,3753.74,3760.47,1014882,38704620230.00,1911000
2020-11-11 00:00:00,3772.87,3786.66,3757.39,3772.87,690721,26299931860.00,1910084
2020-11-12 00:00:00,3760.44,3797.55,3746.01,3760.44,1094814,41724629810.00,1947407
2020-11-13 00:00:00,3766.44,3774.47,3743.86,3766.44,839284,31878758170.00,1951666
2020-11-16 00:00:00,3777.14,3783.92,3739.23,3777.14,1155104,43881015160.00,1946926
2020-11-17 00:00:00,3837.89,3839.54,3774.50,3837.89,1408315,54167994000.00,1991674
2020-11-18 00:00:00,3826.09,3848.76,3805.78,3826.09,882859,34023294770.00,1970718
2020-11-19 00:00:00,3852.12,3865.14,3823.22,3852.12,1109203,43042222620.00,1995750
2020-11-20 00:00:00,3883.92,3885.46,3843.43,3883.92,919114,35858863350.00,2017692
2020-11-23 00:00:00,3817.86,3910.97,3813.86,3817.86,1728326,67169793690.00,1929296
2020-11-24 00:00:00,3809.76,3822.01,3797.34,3809.76,806747,31124068530.00,1916035
2020-11-25 00:00:00,3787.79,3816.33,3778.04,3787.79,1461373,56005528520.00,1879903
2020-11-26 00:00:00,3810.39,3819.79,3778.84,3810.39,1051677,40261456510.00,1863415
2020-11-27 00:00:00,3845.89,3865.31,3805.29,3845.89,1427441,55389995410.00,1901215
2020-11-30 00:00:00,3829.36,3859.86,3815.89,3829.36,1518943,58731081300.00,1808172
2020-12-01 00:00:00,3816.79,3828.44,3796.10,3816.79,966488,37127063460.00,1782215
2020-12-02 00:00:00,3848.08,3858.97,3811.73,3848.08,1206246,46549989690.00,1756957
2020-12-03 00:00:00,3807.92,3852.29,3806.94,3807.92,1199118,46154412190.00,1760970
2020-12-04 00:00:00,3840.33,3848.24,3770.45,3840.33,1618438,62001970040.00,1736311
2020-12-07 00:00:00,3926.50,3940.73,3837.63,3926.50,2105703,82071549140.00,1718175
2020-12-08 00:00:00,3920.91,3957.97,3908.88,3920.91,1577518,62109724100.00,1719029
2020-12-09 00:00:00,3986.66,3989.40,3898.26,3986.66,1710614,67532579520.00,1817259
2020-12-10 00:00:00,4050.39,4088.83,3989.32,4050.39,2286849,92525748920.00,1743578
2020-12-11 00:00:00,4038.99,4236.65,4010.28,4038.99,3941193,162186538300.00,1626435
2020-12-14 00:00:00,3998.13,4078.02,3985.26,3998.13,2160461,87071913160.00,1634763
2020-12-15 00:00:00,4080.01,4086.82,3972.21,4080.01,1913606,77004715560.00,1680986
2020-12-16 00:00:00,4147.63,4148.34,4074.08,4147.63,2364710,97096062580.00,1741708
2020-12-17 00:00:00,4175.14,4263.00,4133.29,4175.14,2029455,84491487280.00,1758232
2020-12-18 00:00:00,4308.17,4309.34,4174.34,4308.17,2682760,113942976990.00,1809932
2020-12-21 00:00:00,4454.89,4454.89,4265.75,4454.89,2630566,115163775460.00,1753690
2020-12-22 00:00:00,4357.15,4585.53,4335.72,4357.15,4879382,217719108350.00,1597930
2020-12-23 00:00:00,4267.35,4393.09,4233.94,4267.35,3981474,171382026950.00,1579951
2020-12-24 00:00:00,4270.44,4319.46,4240.16,4270.44,2893533,124319911810.00,1603655
2020-12-25 00:00:00,4317.12,4322.68,4190.03,4317.12,3193487,136265934390.00,1643007
2020-12-28 00:00:00,4223.49,4356.69,4209.24,4223.49,3367080,144541664220.00,1590192
2020-12-29 00:00:00,4213.47,4260.89,4188.65,4213.47,3085503,130718967200.00,1566198
2020-12-30 00:00:00,4238.43,4273.05,4164.47,4238.43,4010321,170071166440.00,1546323
2020-12-31 00:00:00,4365.68,4375.78,4230.34,4365.68,2943322,126481409160.00,1575426
2021-01-04 00:00:00,4362.81,4384.23,4289.64,4362.81,1599748,69369769530.00,1592040
2021-01-05 00:00:00,4375.48,4403.71,4339.24,4375.48,1751660,76767921660.00,1638109
2021-01-06 00:00:00,4356.06,4425.08,4296.34,4356.06,2411428,105402922000.00,1616361
2021-01-07 00:00:00,4432.73,4450.41,4343.85,4432.73,2308904,101662125210.00,1700809
2021-01-08 00:00:00,4464.01,4485.63,4414.40,4464.01,2269328,101290691470.00,1705424
2021-01-11 00:00:00,4328.64,4476.65,4311.40,4328.64,3096684,136079310400.00,1616337
2021-01-12 00:00:00,4308.26,4334.91,4244.07,4308.26,2375500,102071118820.00,1555557
2021-01-13 00:00:00,4274.86,4308.14,4236.78,4274.86,2100008,89985773470.00,1539702
2021-01-14 00:00:00,4275.74,4285.32,4234.54,4275.74,1636123,69947580950.00,1531230
2021-01-15 00:00:00,4342.20,4391.55,4275.86,4342.20,2308137,100668993980.00,1633318
2021-01-18 00:00:00,4373.99,4380.85,4318.41,4373.99,1728511,75436364150.00,1650989
2021-01-19 00:00:00,4271.58,4373.31,4265.51,4271.58,2123409,91738743760.00,1631890
2021-01-20 00:00:00,4291.52,4304.80,4250.53,4291.52,1632742,70019647270.00,1634279
2021-01-21 00:00:00,4348.44,4364.47,4254.43,4348.44,2269249,97877157110.00,1702450
2021-01-22 00:00:00,4277.31,4366.35,4263.85,4277.31,2029863,87795015160.00,1626693
2021-01-25 00:00:00,4303.48,4333.36,4230.23,4303.48,2372229,101843332370.00,1641751
2021-01-26 00:00:00,4288.28,4343.53,4281.82,4288.28,1764954,76222831200.00,1673439
2021-01-27 00:00:00,4371.29,4382.12,4277.70,4371.29,2077610,90222420870.00,1769725
2021-01-28 00:00:00,4266.10,4371.97,4265.26,4266.10,2311263,99876081140.00,1630438
2021-01-29 00:00:00,4254.43,4292.02,4209.85,4254.43,2102081,89664471950.00,1610144
2021-02-01 00:00:00,4208.21,4288.12,4201.41,4208.21,1779253,75487393040.00,1659196
2021-02-02 00:00:00,4141.32,4227.05,4117.45,4141.32,2071422,86591483050.00,1725445
2021-02-03 00:00:00,4162.73,4186.23,4119.40,4162.73,1578108,65650254320.00,1701150
2021-02-04 00:00:00,4229.88,4233.06,4159.60,4229.88,1627485,68544937660.00,1639845
2021-02-05 00:00:00,4266.82,4272.47,4210.11,4266.82,1485546,63166455210.00,1589096
2021-02-08 00:00:00,4319.29,4342.25,4250.03,4319.29,1415022,61024077990.00,1596751
2021-02-09 00:00:00,4399.77,4399.77,4308.24,4399.77,1206699,52661948920.00,1593548
2021-02-10 00:00:00,4386.34,4396.56,4335.60,4386.34,1057203,46273634850.00,1542229
2021-02-18 00:00:00,4510.87,4527.29,4370.22,4510.87,1148650,51704726720.00,1648710
2021-02-19 00:00:00,4504.47,4568.80,4459.70,4504.47,1713781,77541505270.00,1698446
2021-02-22 00:00:00,4563.73,4652.26,4469.87,4563.73,2400596,109864604190.00,1711363
2021-02-23 00:00:00,4534.05,4606.52,4517.76,4534.05,1659712,75901304590.00,1731445
2021-02-24 00:00:00,4596.51,4597.46,4497.22,4596.51,1864619,85093323170.00,1788214
2021-02-25 00:00:00,4664.64,4723.30,4592.66,4664.64,2448320,114162474010.00,1819826
2021-02-26 00:00:00,4655.82,4701.53,4593.76,4655.82,2104752,98112253120.00,1822547
2021-03-01 00:00:00,4621.25,4682.27,4585.76,4621.25,2515178,116670841840.00,1806314
2021-03-02 00:00:00,4708.80,4711.57,4603.06,4708.80,2516802,117148356300.00,1888883
2021-03-03 00:00:00,4822.56,4897.89,4741.90,4822.56,3527862,170551391320.00,1912486
2021-03-04 00:00:00,4832.72,4867.86,4807.23,4832.72,2201089,106508084180.00,1887942
2021-03-05 00:00:00,4677.07,4814.51,4626.52,4677.07,3501793,164996832840.00,1795386
2021-03-08 00:00:00,4731.29,4822.72,4677.80,4731.29,2361803,112670392940.00,1798923
2021-03-09 00:00:00,4582.76,4772.65,4565.00,4582.76,2913067,137041685250.00,1778888
2021-03-10 00:00:00,4572.52,4619.14,4540.51,4572.52,2448984,112438428560.00,1791251
2021-03-11 00:00:00,4662.80,4677.25,4489.12,4662.80,3015927,138292733300.00,1798169
2021-03-12 00:00:00,4698.46,4786.89,4666.07,4698.46,3284043,155835627610.00,1795190
2021-03-15 00:00:00,4751.44,4753.45,4681.36,4751.44,2704795,127434912800.00,1797812
2021-03-16 00:00:00,4670.91,4761.96,4631.26,4670.91,2799701,132207154550.00,1739330
2021-03-17 00:00:00,4748.38,4754.06,4640.45,4748.38,2293475,108361865010.00,1818750
2021-03-18 00:00:00,4725.80,4782.36,4696.32,4725.80,2795459,133275577130.00,1770943
2021-03-19 00:00:00,4711.83,4764.74,4691.98,4711.83,2867898,136322870390.00,1729495
2021-03-22 00:00:00,4739.47,4854.46,4703.34,4739.47,3680197,176112987710.00,1770717
2021-03-23 00:00:00,4692.63,4757.09,4625.12,4692.63,3326075,156551745340.00,1829660
2021-03-24 00:00:00,4772.77,4774.24,4634.47,4772.77,3073898,145046117030.00,1921409
2021-03-25 00:00:00,4754.80,4799.43,4742.37,4754.80,2436529,116599988650.00,1860172
2021-03-26 00:00:00,4877.61,4880.48,4728.58,4877.61,2862614,138046677670.00,1952673
2021-03-29 00:00:00,4926.46,4967.18,4857.25,4926.46,3395523,167695404370.00,1913107
2021-03-30 00:00:00,4929.70,4956.00,4900.12,4929.70,2290691,113296849050.00,1866605
2021-03-31 00:00:00,4886.34,4977.15,4857.65,4886.34,3351669,165113951150.00,1767471
2021-04-01 00:00:00,4958.22,4992.42,4855.48,4958.22,2382017,117688418660.00,1848371
2021-04-02 00:00:00,5125.94,5126.21,4967.63,5125.94,3244152,163954401530.00,2015320
2021-04-06 00:00:00,5150.91,5167.13,5109.18,5150.91,1869296,96246056800.00,2044783
2021-04-07 00:00:00,5113.76,5174.14,5063.88,5113.76,3565593,182926159180.00,1973025
2021-04-08 00:00:00,5108.52,5153.32,5051.60,5108.52,3011014,153740402480.00,1972837
2021-04-09 00:00:00,5064.77,5138.27,5042.21,5064.77,2766610,140721335010.00,1893792
2021-04-12 00:00:00,4985.91,5092.58,4943.69,4985.91,3487337,174399026850.00,1737560
2021-04-13 00:00:00,5109.43,5117.79,4982.41,5109.43,2601695,131673329520.00,1840702
2021-04-14 00:00:00,5109.80,5166.84,5090.03,5109.80,2284706,117143013460.00,1877748
2021-04-15 00:00:00,5099.08,5153.19,5080.54,5099.08,2449184,125420960610.00,1841555
2021-04-16 00:00:00,5108.89,5182.06,5080.39,5108.89,3254970,166916242100.00,1789592
2021-04-19 00:00:00,5076.58,5133.09,5055.69,5076.58,2797833,142742562780.00,1755485
2021-04-20 00:00:00,5155.82,5161.64,5065.84,5155.82,2361426,120700511510.00,1850656
2021-04-21 00:00:00,5177.76,5179.28,5118.34,5177.76,2211898,114021096440.00,1902106
2021-04-22 00:00:00,5198.20,5224.61,5166.98,5198.20,2795043,145570912530.00,1898625
2021-04-23 00:00:00,5285.21,5286.17,5195.69,5285.21,2312575,121230296880.00,2018554
2021-04-26 00:00:00,5363.34,5461.02,5279.54,5363.34,3673765,197502178340.00,1933027
2021-04-27 00:00:00,5401.62,5413.23,5354.74,5401.62,1704543,91902648090.00,1907850
2021-04-28 00:00:00,5348.53,5409.91,5300.21,5348.53,2619309,140010281690.00,1805192
2021-04-29 00:00:00,5440.15,5461.92,5308.55,5440.15,3003182,162411442490.00,1880918
2021-04-30 00:00:00,5380.90,5474.68,5345.95,5380.90,2598831,140646138160.00,1735639
2021-05-06 00:00:00,5650.80,5657.61,5380.96,5650.80,1957104,109758320030.00,1785476
2021-05-07 00:00:00,5666.28,5686.22,5631.06,5666.28,1911781,108319737930.00,1751638
2021-05-10 00:00:00,5999.04,5999.04,5634.47,5999.04,2182662,126870678610.00,1594117
2021-05-11 00:00:00,6074.63,6192.86,5897.37,6074.63,4525037,273133252410.00,1420575
2021-05-12 00:00:00,6158.47,6187.48,5976.35,6158.47,2994105,182272066390.00,1470214
2021-05-13 00:00:00,5901.20,6158.50,5790.82,5901.20,4375647,262322488120.00,1397155
2021-05-14 00:00:00,5630.93,5899.34,5629.49,5630.93,3385199,194841440370.00,1344496
2021-05-17 00:00:00,5577.82,5694.04,5493.96,5577.82,3695555,207377457130.00,1356972
2021-05-18 00:00:00,5591.02,5660.50,5557.87,5591.02,2105124,118103407820.00,1380956
2021-05-19 00:00:00,5294.46,5590.26,5274.26,5294.46,3284772,178556043800.00,1409234
2021-05-20 00:00:00,5172.58,5294.73,4996.18,5172.58,4080205,209806386890.00,1357906
2021-05-21 00:00:00,5098.73,5223.65,5089.49,5098.73,2496494,128628480710.00,1330835
2021-05-24 00:00:00,4960.86,5108.39,4795.71,4960.86,4364529,215973461510.00,1372795
2021-05-25 00:00:00,4906.64,5010.36,4889.95,4906.64,2653847,131681379760.00,1374605
2021-05-26 00:00:00,4656.73,4906.31,4651.58,4656.73,3905887,187562639330.00,1523344
2021-05-27 00:00:00,4805.31,4835.25,4616.70,4805.31,3436359,162704240660.00,1413124
2021-05-28 00:00:00,4919.35,4988.03,4804.06,4919.35,3702980,181508773890.00,1396086
2021-05-31 00:00:00,5010.21,5114.13,4873.44,5010.21,3881216,195010347650.00,1355030
2021-06-01 00:00:00,5112.67,5116.44,4834.22,5112.67,3695938,183678284100.00,1335010
2021-06-02 00:00:00,4986.73,5129.86,4961.95,4986.73,2744570,138748083320.00,1328252
2021-06-03 00:00:00,5131.70,5169.97,4957.26,5131.70,3040493,154557022810.00,1365981
2021-06-04 00:00:00,5141.01,5253.64,5078.33,5141.01,3325098,171867068520.00,1431038
2021-06-07 00:00:00,4945.24,5198.91,4941.65,4945.24,2684770,136563636030.00,1464711
2021-06-08 00:00:00,4989.57,5003.85,4889.69,4989.57,2404747,119329504250.00,1431101
2021-06-09 00:00:00,5020.22,5083.54,4964.18,5020.22,2097944,105416880810.00,1392732
2021-06-10 00:00:00,5149.85,5182.70,5019.20,5149.85,2625588,134475910210.00,1553086
2021-06-11 00:00:00,5303.91,5309.03,5151.73,5303.91,2231665,116848001010.00,1477595
2021-06-15 00:00:00,5150.11,5302.75,5095.32,5150.11,1975768,101814687020.00,1417474
2021-06-16 00:00:00,4996.94,5164.46,4980.15,4996.94,2180825,110740755310.00,1465112
2021-06-17 00:00:00,5081.02,5097.17,4955.86,5081.02,2409516,121538848940.00,1466329
2021-06-18 00:00:00,5043.32,5156.62,4999.74,5043.32,2949765,150320358490.00,1465451
2021-06-21 00:00:00,4878.20,5067.76,4874.16,4878.20,2557503,127409269160.00,1562278
2021-06-22 00:00:00,4874.28,4898.09,4808.65,4874.28,2088646,101478714870.00,1587445
2021-06-23 00:00:00,4922.29,4961.69,4836.82,4922.29,2158332,105682724590.00,1595571
2021-06-24 00:00:00,4920.41,5007.49,4901.12,4920.41,1959875,97420730780.00,1541507
2021-06-25 00:00:00,5049.64,5069.65,4933.73,5049.64,1981865,99357361660.00,1524416
2021-06-28 00:00:00,5054.75,5085.37,4994.99,5054.75,1839746,92974301130.00,1530817
2021-06-29 00:00:00,5025.01,5154.00,5019.83,5025.01,1958618,99832461370.00,1543748
2021-06-30 00:00:00,5131.85,5135.34,5046.03,5131.85,1652215,84255752390.00,1605933
2021-07-01 00:00:00,5130.97,5180.23,4950.00,5130.97,1637240,84280385350.00,1631097
2021-07-02 00:00:00,5109.33,5159.10,5055.42,5109.33,1845063,94270876310.00,1608102
2021-07-05 00:00:00,5204.02,5208.15,5062.66,5204.02,1822730,93806815280.00,1728137
2021-07-06 00:00:00,5294.90,5294.90,5204.66,5294.90,1671234,87827429830.00,1801589
2021-07-07 00:00:00,5423.15,5424.14,5248.28,5423.15,2301925,122791031390.00,2002078
2021-07-08 00:00:00,5383.05,5454.39,5344.20,5383.05,2185459,118102933560.00,2018562
2021-07-09 00:00:00,5416.27,5424.48,5274.19,5416.27,2479473,132709307700.00,2048241
2021-07-12 00:00:00,5417.63,5510.65,5407.96,5417.63,2126495,116062033960.00,2000510
2021-07-13 00:00:00,5442.11,5443.18,5368.22,5442.11,1717548,93075776930.00,1954482
2021-07-14 00:00:00,5564.95,5564.95,5426.11,5564.95,1976275,108552367010.00,2008314
2021-07-15 00:00:00,5531.71,5581.86,5488.44,5531.71,1874822,103872469530.00,1942711
2021-07-16 00:00:00,5544.82,5567.49,5432.63,5544.82,2188472,120810569220.00,1937988
2021-07-19 00:00:00,5551.07,5633.08,5544.93,5551.07,1880784,105392177350.00,1923171
2021-07-20 00:00:00,5586.03,5619.32,5450.35,5586.03,2051025,113548058250.00,1953662
2021-07-21 00:00:00,5554.53,5632.28,5515.74,5554.53,1732243,96706084640.00,1972710
2021-07-22 00:00:00,5653.14,5661.76,5483.03,5653.14,2907333,161500783330.00,2174890
2021-07-23 00:00:00,5675.31,5702.86,5636.04,5675.31,1620495,91909082400.00,2161535
2021-07-26 00:00:00,5699.60,5755.94,5629.88,5699.60,2055280,117072633110.00,2173444
2021-07-27 00:00:00,5633.48,5761.55,5599.68,5633.48,2090646,118993469850.00,2154911
2021-07-28 00:00:00,5667.23,5725.33,5610.82,5667.23,1888999,106968892490.00,2139384
2021-07-29 00:00:00,5755.66,5767.40,5642.67,5755.66,1711675,97393399600.00,2136395
2021-07-30 00:00:00,5746.59,5798.77,5681.47,5746.59,2362984,135601876250.00,2127708
2021-08-02 00:00:00,5414.40,5715.62,5365.63,5414.40,4147661,227784368920.00,1934181
2021-08-03 00:00:00,5239.86,5416.96,5236.39,5239.86,2693326,143323886120.00,1854567
2021-08-04 00:00:00,5461.03,5467.30,5219.01,5461.03,2817829,151271802510.00,1892482
2021-08-05 00:00:00,5383.05,5514.06,5380.63,5383.05,2768896,150789283300.00,1828946
2021-08-06 00:00:00,5384.40,5454.51,5322.70,5384.40,2155806,116170905550.00,1787860
2021-08-09 00:00:00,5330.02,5397.31,5260.93,5330.02,2338548,124790372450.00,1768468
2021-08-10 00:00:00,5458.14,5464.17,5329.19,5458.14,2338512,126292901210.00,1829734
2021-08-11 00:00:00,5548.09,5554.95,5462.21,5548.09,2152731,118927239910.00,1866301
2021-08-12 00:00:00,5415.17,5554.29,5415.17,5415.17,2322012,127961359660.00,1854169
2021-08-13 00:00:00,5454.46,5471.98,5368.95,5454.46,2285846,124123403580.00,1830122
2021-08-16 00:00:00,5320.85,5471.06,5285.62,5320.85,3073222,165414760610.00,1812612
2021-08-17 00:00:00,5334.78,5367.80,5283.58,5334.78,1834457,97906881810.00,1795026
2021-08-18 00:00:00,5142.97,5349.36,5124.08,5142.97,3394596,177126466550.00,1865389
2021-08-19 00:00:00,5022.65,5129.67,4933.85,5022.65,3908607,196197924110.00,1844079
2021-08-20 00:00:00,5102.15,5124.96,4893.06,5102.15,2992006,150351463580.00,1841695
2021-08-23 00:00:00,5111.37,5171.62,5071.86,5111.37,2699958,138147628220.00,1798032
2021-08-24 00:00:00,5233.83,5240.86,5118.76,5233.83,2455982,127511730140.00,1748792
2021-08-25 00:00:00,5226.68,5274.16,5206.41,5226.68,2083939,109211737480.00,1678092
2021-08-26 00:00:00,5109.85,5272.15,5107.40,5109.85,2654828,138466939290.00,1658408
2021-08-27 00:00:00,5210.54,5225.77,5065.72,5210.54,2547661,131122523140.00,1630937
2021-08-30 00:00:00,5337.57,5356.52,5172.39,5337.57,2437354,128873354770.00,1634615
2021-08-31 00:00:00,5293.17,5360.31,5274.85,5293.17,1977843,105434438150.00,1628206
2021-09-01 00:00:00,5233.57,5298.85,5188.84,5233.57,2481308,130530094370.00,1645068
2021-09-02 00:00:00,5260.73,5331.97,5206.50,5260.73,3065048,161848804000.00,1610482
2021-09-03 00:00:00,5383.34,5425.06,5235.35,5383.34,2707146,145487788720.00,1682641
2021-09-06 00:00:00,5441.87,5462.13,5345.33,5441.87,2531204,137111818310.00,1719653
2021-09-07 00:00:00,5465.11,5521.06,5433.81,5465.11,2151788,118203124340.00,1701167
2021-09-08 00:00:00,5423.52,5460.87,5373.49,5423.52,2321537,126086021180.00,1655576
2021-09-09 00:00:00,5646.61,5655.62,5424.10,5646.61,2933249,163033710750.00,1833422
2021-09-10 00:00:00,5607.30,5699.85,5574.77,5607.30,2426531,137475654200.00,1860826
2021-09-13 00:00:00,5605.92,5725.56,5589.72,5605.92,2302556,130731733170.00,1894188
2021-09-14 00:00:00,5456.29,5641.02,5451.74,5456.29,3144413,175626858620.00,1783998
2021-09-15 00:00:00,5477.20,5539.75,5378.20,5477.20,3267081,179149012750.00,1736759
2021-09-16 00:00:00,5508.58,5654.07,5476.30,5508.58,3164704,176928313740.00,1744189
2021-09-17 00:00:00,5441.49,5559.21,5391.50,5441.49,3393650,186081346280.00,1630124
2021-09-22 00:00:00,5608.65,5612.08,5423.96,5608.65,2319302,127870638750.00,1724772
2021-09-23 00:00:00,5568.89,5643.08,5528.20,5568.89,2633199,147745082240.00,1752874
2021-09-24 00:00:00,5443.73,5569.07,5419.98,5443.73,2837903,156130798130.00,1663489
2021-09-27 00:00:00,5525.83,5560.39,5361.87,5525.83,2894906,159030049240.00,1620269
2021-09-28 00:00:00,5594.03,5600.25,5512.25,5594.03,2138279,119395936370.00,1609226
2021-09-29 00:00:00,5613.53,5658.11,5538.23,5613.53,2127640,119636415540.00,1574038
2021-09-30 00:00:00,5664.80,5693.20,5553.42,5664.80,2231903,125669723980.00,1522257
2021-10-08 00:00:00,5704.11,5793.12,5659.62,5704.11,1538714,88380170830.00,1571314
2021-10-11 00:00:00,5762.11,5809.96,5693.42,5762.11,2438684,141146345870.00,1721833
2021-10-12 00:00:00,5521.13,5762.82,5514.60,5521.13,3144995,178346984140.00,1696694
2021-10-13 00:00:00,5388.59,5531.26,5241.20,5388.59,3790492,206809632110.00,1621044
2021-10-14 00:00:00,5426.98,5497.47,5357.35,5426.98,2302009,125318759650.00,1619231
2021-10-15 00:00:00,5465.22,5499.69,5386.27,5465.22,1991824,108827801310.00,1617510
2021-10-18 00:00:00,5364.23,5477.31,5265.83,5364.23,2962886,160016823810.00,1657859
2021-10-19 00:00:00,5480.85,5502.60,5326.03,5480.85,2441143,132665055640.00,1663743
2021-10-20 00:00:00,5236.33,5481.74,5234.98,5236.33,3318958,178709675050.00,1724285
2021-10-21 00:00:00,4911.63,5313.64,4910.35,4911.63,4380382,228539947820.00,1947614
2021-10-22 00:00:00,4836.31,4970.75,4714.19,4836.31,5095803,248871068830.00,2034430
2021-10-25 00:00:00,4754.50,4883.63,4751.32,4754.50,3632865,176716189770.00,2199621
2021-10-26 00:00:00,4809.27,4843.46,4719.05,4809.27,3575184,172652385860.00,2265872
2021-10-27 00:00:00,4553.84,4877.77,4532.34,4553.84,4947128,234128969720.00,2398077
2021-10-28 00:00:00,4618.21,4749.38,4375.47,4618.21,6078016,278015378990.00,2308285
2021-10-29 00:00:00,4539.49,4673.73,4474.15,4539.49,3992215,185729869020.00,2371520
2021-11-01 00:00:00,4386.08,4582.51,4363.36,4386.08,3672030,166976161280.00,2580640
2021-11-02 00:00:00,4128.84,4426.33,4114.13,4128.84,4785643,207633674210.00,2653859
2021-11-03 00:00:00,4297.46,4358.00,4139.21,4297.46,4217323,181157189330.00,2636838
2021-11-04 00:00:00,4135.52,4315.37,4066.61,4135.52,4273649,181197662030.00,2795238
2021-11-05 00:00:00,4146.89,4198.15,4041.06,4146.89,3830523,159677824910.00,2738890
2021-11-08 00:00:00,4211.61,4280.04,4124.41,4211.61,3749496,159281970300.00,2705637
2021-11-09 00:00:00,4120.11,4235.60,4093.63,4120.11,3471727,147658295470.00,2791190
2021-11-10 00:00:00,4072.87,4102.76,3894.36,4072.87,5174870,210911569940.00,2762842
2021-11-11 00:00:00,4287.55,4299.68,4062.67,4287.55,5111300,218331198810.00,2708082
2021-11-12 00:00:00,4107.56,4280.21,4106.37,4107.56,4602269,196880103510.00,2812783
2021-11-15 00:00:00,4001.15,4109.56,3994.32,4001.15,4877681,201618038840.00,2907973
2021-11-16 00:00:00,3979.31,4117.85,3976.81,3979.31,4045377,167393761180.00,2944976
2021-11-17 00:00:00,4001.02,4019.21,3930.95,4001.02,4408442,180083912510.00,3008592
2021-11-18 00:00:00,3912.41,4008.96,3910.14,3912.41,4077079,166314425500.00,3078474
2021-11-19 00:00:00,4073.02,4125.83,3892.24,4073.02,5370605,219390773390.00,3023316
2021-11-22 00:00:00,4068.05,4147.16,4017.17,4068.05,4345605,181854037100.00,3052182
2021-11-23 00:00:00,4094.25,4230.03,4044.03,4094.25,4594484,193806564090.00,3033467
2021-11-24 00:00:00,4304.37,4318.73,4094.16,4304.37,4701503,201483012710.00,2944124
2021-11-25 00:00:00,4298.93,4345.45,4262.39,4298.93,3656544,159131260340.00,2890214
2021-11-26 00:00:00,4156.45,4298.92,4154.14,4156.45,3591193,152431091760.00,3014096
2021-11-29 00:00:00,4194.36,4243.73,4101.83,4194.36,2861296,119805158670.00,2925125
2021-11-30 00:00:00,4205.63,4245.43,4127.74,4205.63,2812616,118057450300.00,2952841
2021-12-01 00:00:00,4330.87,4340.03,4206.63,4330.87,2911511,124251654770.00,2940160
2021-12-02 00:00:00,4313.53,4386.15,4255.02,4313.53,3094848,133751753930.00,2975549
2021-12-03 00:00:00,4395.36,4396.27,4298.35,4395.36,2858335,124421708090.00,2985565
2021-12-06 00:00:00,4367.98,4449.77,4345.56,4367.98,2518043,110959021930.00,2980434
2021-12-07 00:00:00,4454.16,4494.99,4369.99,4454.16,2658399,118285025180.00,2927343
2021-12-08 00:00:00,4357.69,4476.31,4356.06,4357.69,2781223,123411865280.00,2984586
2021-12-09 00:00:00,4296.07,4393.47,4276.54,4296.07,2912433,126518403810.00,2953519
2021-12-10 00:00:00,4318.05,4339.96,4268.03,4318.05,2279513,98349264570.00,2886331
2021-12-13 00:00:00,4406.35,4407.36,4281.27,4406.35,2526367,109942707410.00,2934608
2021-12-14 00:00:00,4377.31,4418.18,4346.65,4377.31,1828638,80382904440.00,2865496
2021-12-15 00:00:00,4428.11,4452.69,4359.76,4428.11,2142248,94742961050.00,2944751
2021-12-16 00:00:00,4506.76,4511.32,4416.54,4506.76,1899942,85013967880.00,2930139
2021-12-17 00:00:00,4483.11,4536.59,4464.89,4483.11,1793736,81015733600.00,2896101
2021-12-20 00:00:00,4450.57,4567.90,4446.65,4450.57,2257523,102300952090.00,2880242
2021-12-21 00:00:00,4450.01,4495.83,4421.43,4450.01,2179844,97487884620.00,2833983
2021-12-22 00:00:00,4410.12,4470.33,4387.92,4410.12,1909590,84906594080.00,2808038
2021-12-23 00:00:00,4449.21,4455.68,4380.97,4449.21,1931417,85794308210.00,2832633
2021-12-24 00:00:00,4487.67,4510.03,4448.86,4487.67,1797864,81015389560.00,2827393
2021-12-27 00:00:00,4278.76,4489.29,4264.57,4278.76,2510761,110002570830.00,2857592
2021-12-28 00:00:00,4290.22,4335.36,4273.43,4290.22,1806642,77997433230.00,2735733
2021-12-29 00:00:00,4284.78,4313.97,4243.10,4284.78,1992538,85569997950.00,2689817
2021-12-30 00:00:00,4251.92,4332.57,4236.68,4251.92,2125612,91630730560.00,2669333
2021-12-31 00:00:00,4280.26,4309.40,4236.96,4280.26,1631353,70003762260.00,2553290
2022-01-04 00:00:00,4358.61,4360.83,4258.82,4358.61,1291854,56129894580.00,2571219
2022-01-05 00:00:00,4407.83,4415.46,4349.16,4407.83,1450496,63894631810.00,2586450
2022-01-06 00:00:00,4458.90,4468.23,4398.69,4458.90,1602728,71405489180.00,2617898
2022-01-07 00:00:00,4486.17,4488.99,4419.45,4486.17,1411015,63160076650.00,2592200
2022-01-10 00:00:00,4453.54,4496.89,4426.92,4453.54,1252510,56226450660.00,2544566
2022-01-11 00:00:00,4550.89,4551.97,4443.46,4550.89,1717088,77535402390.00,2665732
2022-01-12 00:00:00,4593.18,4594.98,4532.54,4593.18,1170090,53682641190.00,2620830
2022-01-13 00:00:00,4596.14,4660.95,4592.41,4596.14,1516614,70527095290.00,2600493
2022-01-14 00:00:00,4625.43,4640.14,4568.47,4625.43,1256710,58251705060.00,2528246
2022-01-17 00:00:00,4517.47,4651.35,4485.99,4517.47,1947142,89051448670.00,2519292
2022-01-18 00:00:00,4563.24,4581.77,4503.69,4563.24,1163443,53092066750.00,2458145
2022-01-19 00:00:00,4679.29,4705.08,4563.24,4679.29,1807263,84632284720.00,2459508
2022-01-20 00:00:00,4682.37,4709.93,4645.34,4682.37,1334441,62562038000.00,2422150
2022-01-21 00:00:00,4680.79,4726.11,4649.63,4680.79,1455585,68461718870.00,2380327
2022-01-24 00:00:00,4634.91,4752.47,4625.68,4634.91,1715352,80633939710.00,2371657
2022-01-25 00:00:00,4688.85,4696.80,4600.80,4688.85,1327874,61950067120.00,2261181
2022-01-26 00:00:00,4662.82,4705.25,4604.39,4662.82,1391107,65014797550.00,2205100
2022-01-27 00:00:00,4641.79,4720.82,4623.03,4641.79,1495173,69972835190.00,2149023
2022-01-28 00:00:00,4794.11,4795.44,4641.76,4794.11,1334316,63365647940.00,2093075
2022-02-07 00:00:00,4810.87,4841.22,4768.70,4810.87,837589,40353781580.00,2105403
2022-02-08 00:00:00,4873.50,4906.53,4801.61,4873.50,1335963,65254618060.00,2196407
2022-02-09 00:00:00,4802.69,4893.35,4785.58,4802.69,1507074,73227662330.00,2266256
2022-02-10 00:00:00,4909.51,4922.55,4797.01,4909.51,1614232,78750989900.00,2384275
2022-02-11 00:00:00,4863.22,4987.43,4860.76,4863.22,1707136,84652972050.00,2463503
2022-02-14 00:00:00,4763.52,4859.36,4743.02,4763.52,2191698,105958384310.00,2518141
2022-02-15 00:00:00,4673.58,4761.82,4612.69,4673.58,2451738,115632921200.00,2606191
2022-02-16 00:00:00,4769.61,4771.24,4667.71,4769.61,1737036,82517293310.00,2609309
2022-02-17 00:00:00,4629.71,4773.19,4628.08,4629.71,2444442,115391379300.00,2744186
2022-02-18 00:00:00,4718.96,4735.98,4608.75,4718.96,1783814,83987142470.00,2736404
2022-02-21 00:00:00,4783.92,4783.92,4692.80,4783.92,1853898,88320249330.00,2784812
2022-02-22 00:00:00,4676.84,4818.92,4667.65,4676.84,2006765,96256980960.00,2807868
2022-02-23 00:00:00,4723.21,4751.00,4676.22,4723.21,1750401,83115206010.00,2818909
2022-02-24 00:00:00,4576.92,4741.68,4561.94,4576.92,2621276,122613343980.00,2977347
2022-02-25 00:00:00,4560.84,4603.24,4472.01,4560.84,2623582,119916391830.00,3066967
2022-02-28 00:00:00,4631.31,4639.81,4544.25,4631.31,1956488,90629526230.00,2992648
2022-03-01 00:00:00,4775.78,4782.47,4642.68,4775.78,1948629,92414989070.00,2901445
2022-03-02 00:00:00,4795.21,4828.95,4741.34,4795.21,1802676,86874854740.00,2901032
2022-03-03 00:00:00,4811.14,4869.66,4770.62,4811.14,2282816,110833582510.00,2883402
2022-03-04 00:00:00,4826.79,4853.40,4769.61,4826.79,2052493,99489598190.00,2862791
2022-03-07 00:00:00,5009.97,5015.63,4815.00,5009.97,2495673,124075923730.00,2807293
2022-03-08 00:00:00,4868.57,5015.56,4815.75,4868.57,2936421,144834463800.00,2599809
2022-03-09 00:00:00,4827.23,4906.01,4775.63,4827.23,1999981,97937494150.00,2581414
2022-03-10 00:00:00,4810.71,4865.27,4749.60,4810.71,2200944,106201649430.00,2574700
2022-03-11 00:00:00,4841.87,4865.79,4779.79,4841.87,1742732,84570039300.00,2538698
2022-03-14 00:00:00,4646.15,4846.56,4644.57,4646.15,2488875,118535511670.00,2634275
2022-03-15 00:00:00,4702.52,4765.36,4626.93,4702.52,2508480,118485789720.00,2666973
2022-03-16 00:00:00,4847.03,4848.83,4685.06,4847.03,2003827,95986588370.00,2735463
2022-03-17 00:00:00,4842.87,4908.00,4810.95,4842.87,1755011,85554262510.00,2762859
2022-03-18 00:00:00,4888.91,4891.27,4834.85,4888.91,1443220,70613039760.00,2739268
2022-03-21 00:00:00,4862.88,4912.05,4824.01,4862.88,1830225,89571184650.00,2765530
2022-03-22 00:00:00,4861.10,4895.12,4841.41,4861.10,1217147,59638690610.00,2714644
2022-03-23 00:00:00,4925.82,4929.36,4806.58,4925.82,1737093,84994014100.00,2782320
2022-03-24 00:00:00,4894.43,4957.89,4885.84,4894.43,1720147,85033593570.00,2722454
2022-03-25 00:00:00,4976.74,4980.83,4894.27,4976.74,1610217,79736865230.00,2695516
2022-03-28 00:00:00,5029.72,5045.08,4950.20,5029.72,1819092,91130170140.00,2685826
2022-03-29 00:00:00,5010.52,5043.31,4994.09,5010.52,1528356,76856843880.00,2670903
2022-03-30 00:00:00,5028.92,5030.88,4926.65,5028.92,1834907,91485179280.00,2528664
2022-03-31 00:00:00,5056.44,5107.41,4998.84,5056.44,2014049,102023785070.00,2442275
2022-04-01 00:00:00,5153.98,5156.70,5048.42,5153.98,1572534,80376775070.00,2472654
2022-04-06 00:00:00,5117.90,5180.83,5079.18,5117.90,1286799,66064586170.00,2449593
2022-04-07 00:00:00,5068.43,5141.43,5035.15,5068.43,1756773,89490021190.00,2445894
2022-04-08 00:00:00,5019.37,5098.60,4957.07,5019.37,2040907,102631040980.00,2393993
2022-04-11 00:00:00,4875.08,5038.29,4867.84,4875.08,2083982,102820679690.00,2403523
2022-04-12 00:00:00,5032.57,5032.80,4876.02,5032.57,1948249,96600329710.00,2427996
2022-04-13 00:00:00,4919.74,5035.84,4917.98,4919.74,2155080,107218715540.00,2436055
2022-04-14 00:00:00,5003.38,5033.52,4922.97,5003.38,1888067,94153415840.00,2405879
2022-04-15 00:00:00,5046.61,5074.73,4999.67,5046.61,1602464,80802738540.00,2420660
2022-04-18 00:00:00,5060.79,5083.50,4967.69,5060.79,1942464,97817794790.00,2436429
2022-04-19 00:00:00,5013.32,5121.60,5000.75,5013.32,2490767,126213455790.00,2456777
2022-04-20 00:00:00,5101.94,5138.74,5013.63,5101.94,1920121,97823920880.00,2494868
2022-04-21 00:00:00,5053.24,5123.86,5020.32,5053.24,1936520,98452963980.00,2427163
2022-04-22 00:00:00,4962.48,5070.98,4962.48,4962.48,1747280,87659074690.00,2399407
2022-04-25 00:00:00,4775.84,4986.57,4763.75,4775.84,2940776,143145657180.00,2363615
2022-04-26 00:00:00,4825.01,4871.07,4746.98,4825.01,2000522,96387509010.00,2334057
2022-04-27 00:00:00,4857.89,4897.01,4812.13,4857.89,2092030,101798907040.00,2325326
2022-04-28 00:00:00,4841.57,4864.59,4779.48,4841.57,2075203,100265272720.00,2303012
2022-04-29 00:00:00,4895.92,4911.99,4803.01,4895.92,1788801,87067432620.00,2212606
2022-05-05 00:00:00,4906.68,4936.52,4853.46,4906.68,1197451,58808013230.00,2191321
2022-05-06 00:00:00,4719.79,4914.09,4713.74,4719.79,2206005,106560581460.00,2433924
2022-05-09 00:00:00,4642.58,4735.29,4613.62,4642.58,2296752,107388176790.00,2507503
2022-05-10 00:00:00,4594.81,4643.69,4525.47,4594.81,2257621,103580000150.00,2587102
2022-05-11 00:00:00,4664.62,4696.98,4594.71,4664.62,1669952,77763533250.00,2540176
2022-05-12 00:00:00,4597.15,4713.45,4571.80,4597.15,2068457,96228301710.00,2549207
2022-05-13 00:00:00,4653.85,4672.26,4543.11,4653.85,1853490,85485206560.00,2524174
2022-05-16 00:00:00,4659.73,4683.92,4573.29,4659.73,2174725,100961754080.00,2575530
2022-05-17 00:00:00,4634.42,4679.03,4618.54,4634.42,1527625,71230742050.00,2545309
2022-05-18 00:00:00,4520.40,4648.10,4519.63,4520.40,2029112,93215570980.00,2751274
2022-05-19 00:00:00,4563.58,4569.18,4450.14,4563.58,2193297,99091263130.00,2705405
2022-05-20 00:00:00,4620.59,4632.57,4543.80,4620.59,1650558,76053879910.00,2610155
2022-05-23 00:00:00,4587.07,4678.94,4551.62,4587.07,2320150,107470712730.00,2620278
2022-05-24 00:00:00,4453.38,4604.46,4444.28,4453.38,1997941,90885505490.00,2758606
2022-05-25 00:00:00,4523.58,4530.37,4431.11,4523.58,2282149,102580366100.00,2693713
2022-05-26 00:00:00,4490.48,4504.44,4414.35,4490.48,2831545,126609749860.00,2783550
2022-05-27 00:00:00,4561.53,4587.49,4489.58,4561.53,2151840,98086366710.00,2669670
2022-05-30 00:00:00,4604.72,4627.18,4569.44,4604.72,1820191,83944601710.00,2619107
2022-05-31 00:00:00,4666.39,4672.11,4588.85,4666.39,1709191,79513025050.00,2578681
2022-06-01 00:00:00,4695.51,4711.25,4639.34,4695.51,1533898,71953810430.00,2562136
2022-06-02 00:00:00,4770.34,4775.74,4672.72,4770.34,1803385,85295401270.00,2517571
2022-06-06 00:00:00,4733.03,4781.31,4721.96,4733.03,1075597,51301834270.00,2505390
2022-06-07 00:00:00,4701.73,4764.26,4694.45,4701.73,1334920,63363764270.00,2513921
2022-06-08 00:00:00,4777.39,4786.09,4680.54,4777.39,1839440,87509763700.00,2528319
2022-06-09 00:00:00,4772.65,4809.05,4742.07,4772.65,1559958,74708989840.00,2535973
2022-06-10 00:00:00,4776.69,4815.20,4725.49,4776.69,1823518,87228300150.00,2587801
2022-06-13 00:00:00,4677.54,4776.68,4646.82,4677.54,1938746,91362702510.00,2538296
2022-06-14 00:00:00,4607.87,4711.89,4599.08,4607.87,1922409,89557825040.00,2523356
2022-06-15 00:00:00,4541.55,4628.17,4537.09,4541.55,2160166,99178918510.00,2511252
2022-06-16 00:00:00,4496.47,4591.07,4487.01,4496.47,1893248,86063383090.00,2532811
2022-06-17 00:00:00,4347.58,4496.45,4346.97,4347.58,2784465,122839213210.00,2581789
2022-06-20 00:00:00,4142.52,4356.58,4070.74,4142.52,3753198,157144607110.00,2669538
2022-06-21 00:00:00,4216.18,4248.31,4095.66,4216.18,2785779,116613729630.00,2648168
2022-06-22 00:00:00,4120.79,4250.29,4086.84,4120.79,2460172,102571720480.00,2676134
2022-06-23 00:00:00,4228.35,4243.09,4111.45,4228.35,2654097,110829110870.00,2685867
2022-06-24 00:00:00,4182.72,4262.72,4178.04,4182.72,2274411,96099823830.00,2691898
2022-06-27 00:00:00,4265.49,4289.95,4146.74,4265.49,2197821,93254315770.00,2674536
2022-06-28 00:00:00,4334.96,4335.67,4241.76,4334.96,1923050,82537488050.00,2720392
2022-06-29 00:00:00,4345.83,4401.99,4326.09,4345.83,2170271,94770803780.00,2728699
2022-06-30 00:00:00,4360.45,4390.21,4312.73,4360.45,2314734,101198660500.00,2776424
2022-07-01 00:00:00,4251.35,4360.20,4245.59,4251.35,2631466,113476224890.00,2771599
2022-07-04 00:00:00,4157.41,4299.61,4141.88,4157.41,2256164,95041904630.00,2783669
2022-07-05 00:00:00,4223.00,4240.85,4107.32,4223.00,2208208,92644764440.00,2801550
2022-07-06 00:00:00,4224.64,4225.51,4110.48,4224.64,2778105,116015411190.00,2775018
2022-07-07 00:00:00,4191.42,4250.40,4165.96,4191.42,2615321,110467228200.00,2830706
2022-07-08 00:00:00,4178.43,4258.38,4151.21,4178.43,2209617,93157842320.00,2853551
2022-07-11 00:00:00,4033.40,4225.11,3961.45,4033.40,3362917,137209432770.00,2863376
2022-07-12 00:00:00,3896.80,4049.81,3882.17,3896.80,2797641,111718131680.00,2926408
2022-07-13 00:00:00,3889.87,3921.34,3834.88,3889.87,2769636,107665498300.00,2916443
2022-07-14 00:00:00,3806.28,3893.69,3794.16,3806.28,3080737,118928773940.00,2867790
2022-07-15 00:00:00,3568.89,3805.90,3567.99,3568.89,3937615,145324050520.00,2940599
2022-07-18 00:00:00,3748.63,3762.00,3568.80,3748.63,3306996,122370126300.00,2842162
2022-07-19 00:00:00,3745.97,3839.07,3719.93,3745.97,3078121,117070405070.00,2855827
2022-07-20 00:00:00,3799.41,3840.66,3685.10,3799.41,2984968,113300176350.00,2851609
2022-07-21 00:00:00,3794.44,3824.09,3742.72,3794.44,2894032,110008867540.00,2881206
2022-07-22 00:00:00,3817.77,3832.76,3729.97,3817.77,2363563,90169112530.00,2890687
2022-07-25 00:00:00,3815.48,3858.73,3804.57,3815.48,2132214,82357484310.00,2891208
2022-07-26 00:00:00,3848.70,3862.01,3758.90,3848.70,2588170,99319041190.00,2944784
2022-07-27 00:00:00,3872.63,3888.98,3790.98,3872.63,2564338,99260556390.00,3033204
2022-07-28 00:00:00,4012.69,4020.42,3840.20,4012.69,2670454,105656643190.00,2986367
2022-07-29 00:00:00,3956.43,4012.69,3939.48,3956.43,2254904,90128672100.00,2995125
2022-08-01 00:00:00,4042.12,4082.76,3957.85,4042.12,2929321,119141903090.00,3015094
2022-08-02 00:00:00,4040.09,4050.38,3961.32,4040.09,2607428,105445264300.00,3018583
2022-08-03 00:00:00,4007.74,4078.92,3971.53,4007.74,2783305,113423237670.00,3001430
2022-08-04 00:00:00,3907.57,4025.94,3905.23,3907.57,2751503,110196340730.00,3015248
2022-08-05 00:00:00,3968.25,4010.95,3891.92,3968.25,2437935,97219952510.00,3045491
2022-08-08 00:00:00,4074.37,4084.01,3953.46,4074.37,2443299,99468799200.00,3045332
2022-08-09 00:00:00,4026.78,4094.18,4016.90,4026.78,2114881,86371511160.00,3048775
2022-08-10 00:00:00,3996.99,4051.39,3980.77,3996.99,2324925,94214511190.00,3060666
2022-08-11 00:00:00,4034.47,4050.39,3965.34,4034.47,2821426,114260969910.00,3072022
2022-08-12 00:00:00,4069.75,4075.86,4026.66,4069.75,2022069,82779027930.00,3117544
2022-08-15 00:00:00,4028.28,4108.91,4003.93,4028.28,3074282,126513084920.00,3169564
2022-08-16 00:00:00,4054.79,4082.24,3983.52,4054.79,1961262,80219915460.00,3165169
2022-08-17 00:00:00,3903.15,4073.58,3899.24,3903.15,2875551,116111573950.00,3163728
2022-08-18 00:00:00,3920.19,3958.77,3875.82,3920.19,2719273,107964812630.00,3226668
2022-08-19 00:00:00,3822.35,3942.08,3821.08,3822.35,2982101,117476752410.00,3119909
2022-08-22 00:00:00,3904.53,3920.81,3819.33,3904.53,2500428,98159485670.00,3105355
2022-08-23 00:00:00,3941.59,3954.38,3871.49,3941.59,1868998,74032478600.00,3050807
2022-08-24 00:00:00,3955.29,3979.73,3915.73,3955.29,1996108,79669041390.00,2976532
2022-08-25 00:00:00,3914.54,3981.42,3913.17,3914.54,2298961,91730203450.00,2934983
2022-08-26 00:00:00,3953.76,3966.44,3906.69,3953.76,2098796,83588332020.00,2926930
2022-08-29 00:00:00,3827.77,3988.95,3804.71,3827.77,3178979,124738819680.00,2963574
2022-08-30 00:00:00,3720.53,3831.78,3711.91,3720.53,2767704,105151447160.00,3036016
2022-08-31 00:00:00,3727.77,3760.57,3710.80,3727.77,2223502,83383096960.00,3040388
2022-09-01 00:00:00,3691.04,3772.48,3677.10,3691.04,2643639,98581443000.00,3096819
2022-09-02 00:00:00,3675.24,3695.15,3619.75,3675.24,2392976,87613930220.00,3067344
2022-09-05 00:00:00,3722.30,3735.78,3662.13,3722.30,2185352,80768314690.00,2970675
2022-09-06 00:00:00,3723.08,3735.64,3705.62,3723.08,1489514,55313383480.00,2945476
2022-09-07 00:00:00,3701.97,3750.96,3682.39,3701.97,2108220,78144515110.00,2925326
2022-09-08 00:00:00,3743.94,3775.25,3700.26,3743.94,2125805,79325578090.00,2913925
2022-09-09 00:00:00,3805.88,3807.39,3743.00,3805.88,1653767,62413954750.00,2837501
2022-09-13 00:00:00,3809.92,3822.56,3787.64,3809.92,1044878,39755700400.00,2810031
2022-09-14 00:00:00,3754.45,3806.56,3721.13,3754.45,1815546,68155241870.00,2815372
2022-09-15 00:00:00,3732.29,3796.55,3708.81,3732.29,2304643,86586956890.00,2822012
2022-09-16 00:00:00,3694.13,3746.89,3668.87,3694.13,2007939,74423208970.00,2814937
2022-09-19 00:00:00,3701.14,3740.94,3693.88,3701.14,1699237,63265996330.00,2734643
2022-09-20 00:00:00,3664.64,3728.37,3658.53,3664.64,1978283,73160221800.00,2742930
2022-09-21 00:00:00,3669.42,3687.54,3638.50,3669.42,1826995,66928187920.00,2753217
2022-09-22 00:00:00,3763.77,3766.90,3667.43,3763.77,2105204,78443571670.00,2708563
2022-09-23 00:00:00,3763.64,3785.28,3748.00,3763.64,1534875,57976236110.00,2656935
2022-09-26 00:00:00,3759.16,3776.82,3709.23,3759.16,1997839,75051344200.00,2570030
2022-09-27 00:00:00,3821.30,3829.75,3758.07,3821.30,2126790,81105301540.00,2608520
2022-09-28 00:00:00,3805.45,3839.50,3799.47,3805.45,1490382,57017749780.00,2586903
2022-09-29 00:00:00,3817.23,3838.93,3788.91,3817.23,1773145,67890138840.00,2565342
2022-09-30 00:00:00,3774.78,3830.48,3764.73,3774.78,1600326,61081218280.00,2435804
2022-10-10 00:00:00,3844.09,3857.44,3792.10,3844.09,1313128,50603009110.00,2496187
2022-10-11 00:00:00,3747.43,3857.97,3738.04,3747.43,2118201,80577170920.00,2551328
2022-10-12 00:00:00,3725.40,3760.96,3686.70,3725.40,2234284,83306492770.00,2518268
2022-10-13 00:00:00,3688.64,3752.25,3683.87,3688.64,2061930,76903786380.00,2548596
2022-10-14 00:00:00,3726.81,3739.26,3657.78,3726.81,1867092,69471144660.00,2518407
2022-10-17 00:00:00,3646.15,3730.47,3627.20,3646.15,2725612,100155206650.00,2665505
2022-10-18 00:00:00,3649.91,3668.79,3610.24,3649.91,2382983,86865191300.00,2684119
2022-10-19 00:00:00,3620.61,3660.81,3607.02,3620.61,2258390,82267027520.00,2757043
2022-10-20 00:00:00,3570.27,3620.49,3565.26,3570.27,2894595,104385771760.00,2826593
2022-10-21 00:00:00,3603.12,3636.03,3566.64,3603.12,2534854,91746677910.00,2722109
2022-10-24 00:00:00,3598.88,3650.49,3580.83,3598.88,2609209,94469096710.00,2766344
2022-10-25 00:00:00,3553.27,3598.82,3542.64,3553.27,2609678,93099762390.00,2828433
2022-10-26 00:00:00,3555.68,3594.50,3537.40,3555.68,1789563,64094153170.00,2792689
2022-10-27 00:00:00,3538.95,3593.98,3538.62,3538.95,1738653,62263326280.00,2794075
2022-10-28 00:00:00,3470.62,3538.95,3460.20,3470.62,2453643,86046575800.00,2907379
2022-10-31 00:00:00,3377.37,3483.54,3370.83,3377.37,2701942,92734046410.00,2963242
2022-11-01 00:00:00,3465.10,3475.28,3370.71,3465.10,2654776,91116080280.00,2921222
2022-11-02 00:00:00,3466.50,3497.95,3436.89,3466.50,2830321,98146202780.00,2919352
2022-11-03 00:00:00,3480.77,3497.55,3448.22,3480.77,2463177,85690375020.00,2914515
2022-11-04 00:00:00,3536.71,3555.56,3466.66,3536.71,2776230,97714576990.00,2885146
2022-11-07 00:00:00,3522.10,3579.15,3499.08,3522.10,2724034,96390511360.00,2909848
2022-11-08 00:00:00,3554.08,3554.08,3499.02,3554.08,2064953,72807187170.00,2938524
2022-11-09 00:00:00,3577.52,3589.73,3552.21,3577.52,2486179,88918264100.00,2955075
2022-11-10 00:00:00,3525.94,3577.42,3514.66,3525.94,2806940,99445747520.00,2986700
2022-11-11 00:00:00,3619.52,3647.05,3506.65,3619.52,3309618,119036881640.00,2975326
2022-11-14 00:00:00,3633.85,3681.39,3613.47,3633.85,2605765,95050096670.00,2923367
2022-11-15 00:00:00,3672.56,3674.12,3629.62,3672.56,2041991,74573533020.00,2933481
2022-11-16 00:00:00,3720.04,3739.93,3674.51,3720.04,2543009,94340448830.00,2963407
2022-11-17 00:00:00,3699.02,3727.51,3646.88,3699.02,2784741,102604734870.00,2919213
2022-11-18 00:00:00,3690.94,3710.06,3673.10,3690.94,2298926,84989583030.00,2926242
2022-11-21 00:00:00,3642.23,3693.14,3602.85,3642.23,2835201,103360201450.00,2939584
2022-11-22 00:00:00,3635.50,3671.32,3626.12,3635.50,2454214,89817912420.00,2980418
2022-11-23 00:00:00,3647.55,3657.94,3613.39,3647.55,2479476,90462821300.00,2986340
2022-11-24 00:00:00,3648.62,3694.86,3639.81,3648.62,2809985,103431997390.00,2981057
2022-11-25 00:00:00,3700.41,3700.78,3625.99,3700.41,2382689,87352747200.00,2960934
2022-11-28 00:00:00,3699.17,3717.31,3667.63,3699.17,2200407,81607092540.00,2925415
2022-11-29 00:00:00,3737.51,3772.46,3699.17,3737.51,2481763,93187517720.00,3002350
2022-11-30 00:00:00,3722.58,3748.64,3695.49,3722.58,2238793,83558524770.00,2959046
2022-12-01 00:00:00,3733.35,3764.68,3710.79,3733.35,2158867,80875156010.00,2949649
2022-12-02 00:00:00,3797.32,3806.63,3724.99,3797.32,2556819,96300610180.00,3053767
2022-12-05 00:00:00,3791.97,3865.36,3779.35,3791.97,3030884,115680518460.00,3012033
2022-12-06 00:00:00,3800.63,3813.44,3771.65,3800.63,2083916,79099926910.00,3007214
2022-12-07 00:00:00,3780.20,3827.80,3768.85,3780.20,2690677,102425143880.00,2968333
2022-12-08 00:00:00,3834.65,3842.78,3777.80,3834.65,2048469,78074016440.00,2940662
2022-12-09 00:00:00,3938.55,3951.12,3835.59,3938.55,3045559,118837345170.00,3006818
2022-12-12 00:00:00,3927.44,3981.50,3911.69,3927.44,2390324,94201796970.00,2956759
2022-12-13 00:00:00,3927.26,3950.76,3899.13,3927.26,2246598,88079681720.00,2937908
2022-12-14 00:00:00,3974.37,3978.58,3916.54,3974.37,2369606,93455551020.00,3000948
2022-12-15 00:00:00,4071.19,4072.30,3975.35,4071.19,2899726,116615152630.00,3068387
2022-12-16 00:00:00,4041.14,4136.56,3970.80,4041.14,3782210,153646438990.00,2923779
2022-12-19 00:00:00,3922.67,4040.49,3912.11,3922.67,3511603,139020204380.00,2830921
2022-12-20 00:00:00,3936.17,3960.03,3896.00,3936.17,2474721,97224042550.00,2810502
2022-12-21 00:00:00,4025.46,4028.00,3926.38,4025.46,2332473,92582917670.00,2885483
2022-12-22 00:00:00,3955.33,4039.20,3945.19,3955.33,2835266,113162727660.00,2827885
2022-12-23 00:00:00,3999.21,4008.79,3928.78,3999.21,2709249,107556912840.00,2800276
2022-12-26 00:00:00,4000.92,4011.76,3936.46,4000.92,1984569,79047443340.00,2732397
2022-12-27 00:00:00,4058.95,4071.50,3990.80,4058.95,1818035,73374768450.00,2763062
2022-12-28 00:00:00,4043.98,4066.99,4008.39,4043.98,1612256,65185003790.00,2768489
2022-12-29 00:00:00,4041.54,4064.17,3996.16,4041.54,1954469,78772886330.00,2747177
2022-12-30 00:00:00,4099.13,4118.04,4041.78,4099.13,2154719,88019982070.00,2759241
2023-01-03 00:00:00,4056.77,4099.19,4011.65,4056.77,1543700,62412094490.00,2709634
2023-01-04 00:00:00,4020.36,4076.81,4005.15,4020.36,2099029,84870600000.00,2721759
2023-01-05 00:00:00,4008.01,4020.42,3964.76,4008.01,2295912,91800308270.00,2665499
2023-01-06 00:00:00,4097.29,4112.03,4007.95,4097.29,2365457,96203156590.00,2761023
2023-01-09 00:00:00,4082.57,4129.60,4063.01,4082.57,2526612,103494881180.00,2703375
2023-01-10 00:00:00,4114.13,4125.37,4077.80,4114.13,1698579,69686629590.00,2776994
2023-01-11 00:00:00,4152.34,4162.49,4092.01,4152.34,1849306,76354738990.00,2805215
2023-01-12 00:00:00,4127.57,4152.72,4084.82,4127.57,2135835,88065328030.00,2728553
2023-01-13 00:00:00,4163.63,4175.79,4104.92,4163.63,2284321,94766126450.00,2790850
2023-01-16 00:00:00,4084.49,4163.39,4073.40,4084.49,2527583,103766365900.00,2699170
2023-01-17 00:00:00,4108.71,4128.30,4056.90,4108.71,2126433,87047059210.00,2720200
2023-01-18 00:00:00,4153.80,4164.44,4108.72,4153.80,1740397,72203178040.00,2715906
2023-01-19 00:00:00,4184.95,4188.72,4146.48,4184.95,1724337,71957264800.00,2684999
2023-01-20 00:00:00,4168.84,4185.92,4145.64,4168.84,1636576,68229356330.00,2637113
2023-01-30 00:00:00,4191.29,4261.20,4168.97,4191.29,1388272,58701220170.00,2745848
2023-01-31 00:00:00,4132.78,4207.32,4131.02,4132.78,1506023,62887069060.00,2857998
2023-02-01 00:00:00,4073.89,4165.58,4064.95,4073.89,1934773,79687687160.00,2916876
2023-02-02 00:00:00,4032.25,4122.84,4019.85,4032.25,2041793,83379655940.00,2892069
2023-02-03 00:00:00,4044.65,4048.43,3983.04,4044.65,1967197,79164702440.00,2884215
2023-02-06 00:00:00,4039.14,4071.85,3991.12,4039.14,2330224,93820737090.00,2919925
2023-02-07 00:00:00,4009.26,4044.75,3969.88,4009.26,2458234,98556894260.00,2925396
2023-02-08 00:00:00,4045.07,4053.25,3976.26,4045.07,2212587,88825077740.00,2943122
2023-02-09 00:00:00,4074.34,4088.98,4039.26,4074.34,1837019,74686595070.00,2941756
2023-02-10 00:00:00,4062.05,4084.86,4008.09,4062.05,2768583,112059267950.00,2883502
2023-02-13 00:00:00,3982.62,4065.91,3980.57,3982.62,2388871,96088070810.00,2887267
2023-02-14 00:00:00,4013.93,4032.97,3950.94,4013.93,2731697,109106342180.00,2864290
2023-02-15 00:00:00,4052.17,4072.90,4014.10,4052.17,2151802,87107843810.00,2848148
2023-02-16 00:00:00,4129.76,4146.89,4039.84,4129.76,2693088,110348312790.00,2850513
2023-02-17 00:00:00,4151.93,4163.36,4129.83,4151.93,2200391,91262304430.00,2884887
2023-02-20 00:00:00,4170.43,4179.01,4116.18,4170.43,1934920,80461963920.00,2914460
2023-02-21 00:00:00,4239.93,4243.08,4170.49,4239.93,2083930,87951305770.00,2930524
2023-02-22 00:00:00,4223.41,4263.17,4212.26,4223.41,2156633,91318491730.00,2933888
2023-02-23 00:00:00,4215.10,4274.64,4208.26,4215.10,2502940,106468695370.00,2957202
2023-02-24 00:00:00,4210.68,4231.25,4176.23,4210.68,2333640,98291848100.00,2990251
2023-02-27 00:00:00,4180.23,4227.63,4163.95,4180.23,2336778,98078137970.00,2912636
2023-02-28 00:00:00,4164.06,4181.46,4140.59,4164.06,1739004,72464801190.00,2904171
2023-03-01 00:00:00,4204.24,4213.64,4154.37,4204.24,1911583,80172668630.00,2960015
2023-03-02 00:00:00,4213.56,4223.12,4192.21,4213.56,1452601,61193292580.00,2951420
2023-03-03 00:00:00,4257.78,4263.39,4206.43,4257.78,1892089,80177413060.00,2964210
2023-03-06 00:00:00,4197.44,4257.74,4163.76,4197.44,2826173,118774746060.00,2956344
2023-03-07 00:00:00,4234.03,4257.70,4187.37,4234.03,2057001,87012799620.00,3048324
2023-03-08 00:00:00,4231.24,4252.23,4209.78,4231.24,1837372,77880151550.00,3060017
2023-03-09 00:00:00,4292.29,4299.66,4190.64,4292.29,3742875,158838908280.00,3143005
2023-03-10 00:00:00,4290.16,4324.74,4282.78,4290.16,2874346,123933996470.00,3107847
2023-03-13 00:00:00,4345.87,4352.79,4290.09,4345.87,2597710,112679185670.00,3123257
2023-03-14 00:00:00,4354.33,4380.18,4306.76,4354.33,2890804,125776184280.00,3139394
2023-03-15 00:00:00,4312.07,4372.17,4299.87,4312.07,3125481,135682992170.00,3095387
2023-03-16 00:00:00,4182.04,4311.12,4177.53,4182.04,4024879,170816671200.00,2936065
2023-03-17 00:00:00,4230.88,4252.61,4157.63,4230.88,3249454,136834568020.00,2919834
2023-03-20 00:00:00,4163.52,4249.92,4161.96,4163.52,2402910,101250581410.00,2940556
2023-03-21 00:00:00,4119.90,4186.94,4118.12,4119.90,2159041,89905863130.00,2980575
2023-03-22 00:00:00,4118.74,4160.63,4086.18,4118.74,2660131,109854114410.00,2948845
2023-03-23 00:00:00,4049.33,4147.58,4044.32,4049.33,3334368,136831414360.00,3065017
2023-03-24 00:00:00,4077.52,4096.05,4028.75,4077.52,2603598,105765157480.00,3022882
2023-03-27 00:00:00,4076.69,4100.44,4050.28,4076.69,1848695,75543781150.00,2983417
2023-03-28 00:00:00,4111.56,4118.01,4071.22,4111.56,1940071,79615656030.00,2922218
2023-03-29 00:00:00,4128.38,4138.84,4103.71,4128.38,1918544,79218333690.00,2886757
2023-03-30 00:00:00,4140.08,4148.55,4106.37,4140.08,2170934,89817403910.00,2821597
2023-03-31 00:00:00,4140.99,4182.00,4135.02,4140.99,1850769,77058452580.00,2799475
2023-04-03 00:00:00,4025.33,4145.11,4024.89,4025.33,2577037,105528163460.00,2884654
2023-04-04 00:00:00,3988.49,4045.96,3983.89,3988.49,2199580,88279685050.00,2888863
2023-04-06 00:00:00,3950.10,3994.54,3937.10,3950.10,1954321,77543387950.00,2904873
2023-04-07 00:00:00,3998.12,4016.75,3952.15,3998.12,2339783,93442051050.00,2901915
2023-04-10 00:00:00,3923.45,4026.19,3893.27,3923.45,2845786,112625559770.00,3010028
2023-04-11 00:00:00,3949.90,3950.23,3881.87,3949.90,2373023,92926764960.00,3005038
2023-04-12 00:00:00,3914.13,3957.73,3905.22,3914.13,2010515,79014590780.00,3034191
2023-04-13 00:00:00,3893.13,3926.13,3866.86,3893.13,2420253,94191501600.00,3054515
2023-04-14 00:00:00,3904.14,3952.68,3893.51,3904.14,2097942,82285239560.00,2955071
2023-04-17 00:00:00,3930.24,3939.99,3880.90,3930.24,2234068,87382887190.00,2995347
2023-04-18 00:00:00,3952.89,3978.64,3931.28,3952.89,2495170,98731630260.00,2994013
2023-04-19 00:00:00,3928.74,3965.03,3913.94,3928.74,2513250,99305275910.00,3025496
2023-04-20 00:00:00,3912.77,3929.93,3872.24,3912.77,2633283,102817456530.00,2986048
2023-04-21 00:00:00,3811.47,3913.56,3810.74,3811.47,2801781,108038624690.00,3043601
2023-04-24 00:00:00,3715.49,3817.18,3691.37,3715.49,3225082,120890681700.00,3113665
2023-04-25 00:00:00,3684.96,3747.15,3680.84,3684.96,2727425,101621074040.00,3044635
2023-04-26 00:00:00,3711.40,3730.60,3660.17,3711.40,2277518,84286443350.00,2882785
2023-04-27 00:00:00,3683.99,3750.96,3683.28,3683.99,2157132,80336052250.00,2823229
2023-04-28 00:00:00,3650.68,3700.40,3650.68,3650.68,1859118,68388903490.00,2758317
2023-05-04 00:00:00,3607.22,3668.69,3601.50,3607.22,1571956,57196505220.00,2859612
2023-05-05 00:00:00,3614.30,3617.51,3531.51,3614.30,2435858,87209376640.00,2957581
2023-05-08 00:00:00,3722.30,3723.12,3599.75,3722.30,3002223,110069450240.00,3013832
2023-05-09 00:00:00,3681.49,3733.62,3680.83,3681.49,1904642,70809723490.00,2978700
2023-05-10 00:00:00,3678.02,3719.85,3656.49,3678.02,2062061,76194695140.00,3004622
2023-05-11 00:00:00,3588.96,3698.07,3582.03,3588.96,2985343,108455547520.00,3005388
2023-05-12 00:00:00,3569.87,3622.89,3553.28,3569.87,2153916,77380557920.00,2947206
2023-05-15 00:00:00,3658.18,3687.93,3569.63,3658.18,2911264,106260997090.00,2937683
2023-05-16 00:00:00,3630.14,3687.18,3618.18,3630.14,2011430,73622637650.00,2958534
2023-05-17 00:00:00,3705.15,3706.87,3627.07,3705.15,2042004,75006898670.00,2984105
2023-05-18 00:00:00,3677.97,3714.35,3652.10,3677.97,1967336,72671385260.00,2946211
2023-05-19 00:00:00,3635.50,3684.77,3603.70,3635.50,2299140,83996289310.00,2882221
2023-05-22 00:00:00,3557.89,3664.10,3541.53,3557.89,2612145,94206130370.00,2933075
2023-05-23 00:00:00,3576.73,3609.67,3554.26,3576.73,2097193,75274087120.00,2898376
2023-05-24 00:00:00,3455.54,3582.41,3452.64,3455.54,2592797,91232210750.00,3043280
2023-05-25 00:00:00,3423.66,3467.49,3402.22,3423.66,2583630,88842335350.00,3070100
2023-05-26 00:00:00,3484.29,3499.91,3380.87,3484.29,3141482,108237487470.00,3054156
2023-05-29 00:00:00,3502.58,3507.65,3454.77,3502.58,2211210,77122630530.00,3073952
2023-05-30 00:00:00,3451.41,3512.21,3436.45,3451.41,2092572,72854890900.00,3095940
2023-05-31 00:00:00,3454.49,3464.00,3417.03,3454.49,1911278,65870900510.00,3093732
2023-06-01 00:00:00,3535.61,3536.91,3439.51,3535.61,2398208,84045425590.00,3066918
2023-06-02 00:00:00,3584.17,3616.60,3497.73,3584.17,2738106,97461690980.00,2929492
2023-06-05 00:00:00,3622.61,3673.81,3584.19,3622.61,2354626,85568174400.00,2890975
2023-06-06 00:00:00,3625.23,3669.21,3608.86,3625.23,1866802,68141376760.00,2850487
2023-06-07 00:00:00,3605.23,3646.25,3571.28,3605.23,2300090,83432817340.00,2848225
2023-06-08 00:00:00,3636.12,3662.25,3605.18,3636.12,2049502,74778910700.00,2829533
2023-06-09 00:00:00,3694.28,3703.24,3636.14,3694.28,2285636,84228375150.00,2868163
2023-06-12 00:00:00,3636.75,3710.56,3582.00,3636.75,2126101,77999555310.00,2826030
2023-06-13 00:00:00,3725.46,3747.14,3632.22,3725.46,2275808,84090861580.00,2908338
2023-06-14 00:00:00,3725.04,3746.32,3705.12,3725.04,1950278,72822834870.00,2848336
2023-06-15 00:00:00,3744.97,3753.82,3699.06,3744.97,2032594,76010914890.00,2886530
2023-06-16 00:00:00,3784.12,3793.85,3740.57,3784.12,1829807,69126136250.00,2901695
2023-06-19 00:00:00,3739.32,3800.44,3729.83,3739.32,2366812,89303736720.00,2809814
2023-06-20 00:00:00,3727.68,3754.69,3706.10,3727.68,1817005,67990501470.00,2778831
2023-06-21 00:00:00,3671.74,3728.30,3670.18,3671.74,2163500,80272478790.00,2677146
2023-06-26 00:00:00,3653.67,3671.46,3621.26,3653.67,1473142,53768876070.00,2712757
2023-06-27 00:00:00,3712.59,3729.67,3648.73,3712.59,1819082,67307027000.00,2767554
2023-06-28 00:00:00,3714.78,3724.38,3677.19,3714.78,1619096,60124865710.00,2780225
2023-06-29 00:00:00,3707.16,3734.73,3686.39,3707.16,1935705,72005218100.00,2729574
2023-06-30 00:00:00,3705.57,3759.11,3696.26,3705.57,1920244,71854219350.00,2734699
2023-07-03 00:00:00,3748.96,3761.71,3687.65,3748.96,2395054,89449006630.00,2772311
2023-07-04 00:00:00,3751.14,3776.22,3734.22,3751.14,1639780,61758336860.00,2789896
2023-07-05 00:00:00,3734.01,3762.26,3714.02,3734.01,1684696,63166614380.00,2808652
2023-07-06 00:00:00,3741.26,3759.46,3717.25,3741.26,1564321,58668030010.00,2809498
2023-07-07 00:00:00,3655.79,3752.78,3655.18,3655.79,2386745,88939179350.00,2852114
2023-07-10 00:00:00,3639.09,3691.40,3635.29,3639.09,1833748,67377981070.00,2835026
2023-07-11 00:00:00,3663.92,3682.72,3639.13,3663.92,1616481,59381031280.00,2823076
2023-07-12 00:00:00,3700.51,3700.53,3658.23,3700.51,1573744,58064118210.00,2819673
2023-07-13 00:00:00,3711.36,3715.38,3678.51,3711.36,1587519,58910730330.00,2777757
2023-07-14 00:00:00,3758.24,3760.52,3710.24,3758.24,1584082,59301927890.00,2805664
2023-07-17 00:00:00,3673.20,3765.33,3668.28,3673.20,2167461,80672716470.00,2753593
2023-07-18 00:00:00,3735.74,3736.64,3673.34,3735.74,1485714,55243868630.00,2761763
2023-07-19 00:00:00,3727.85,3742.72,3693.17,3727.85,1556684,58049144140.00,2768899
2023-07-20 00:00:00,3774.10,3778.79,3727.86,3774.10,2151222,81009231850.00,2961322
2023-07-21 00:00:00,3809.88,3810.57,3741.61,3809.88,2704024,102096316280.00,3056068
2023-07-24 00:00:00,3783.28,3816.97,3776.45,3783.28,2417611,92012073880.00,3064932
2023-07-25 00:00:00,3848.50,3863.51,3782.12,3848.50,2637720,101098042960.00,3234085
2023-07-26 00:00:00,3845.03,3867.78,3828.21,3845.03,2260285,86992474320.00,3251204
2023-07-27 00:00:00,3859.75,3881.03,3833.30,3859.75,2788914,107649019360.00,3261631
2023-07-28 00:00:00,3855.33,3864.97,3822.65,3855.33,2708597,104024950180.00,3261037
2023-07-31 00:00:00,3853.47,3874.77,3839.46,3853.47,2309742,88933804110.00,3264778
2023-08-01 00:00:00,3870.63,3881.42,3841.15,3870.63,2030506,78387577260.00,3370291
2023-08-02 00:00:00,3807.96,3878.59,3807.50,3807.96,2812314,107922894200.00,3487215
2023-08-03 00:00:00,3737.18,3808.01,3735.94,3737.18,3391845,127623051600.00,3496186
2023-08-04 00:00:00,3745.85,3786.50,3737.21,3745.85,1983519,74513514870.00,3524984
2023-08-07 00:00:00,3740.61,3748.90,3714.12,3740.61,2070665,77137396480.00,3627680
2023-08-08 00:00:00,3700.87,3753.04,3696.25,3700.87,1823883,67861827100.00,3715324
2023-08-09 00:00:00,3709.16,3717.28,3676.73,3709.16,1559641,57604158390.00,3740806
2023-08-10 00:00:00,3687.26,3724.75,3679.26,3687.26,2082362,76904251900.00,3857529
2023-08-11 00:00:00,3704.61,3708.03,3666.95,3704.61,2287315,84174004310.00,3815133
2023-08-14 00:00:00,3658.31,3704.63,3646.08,3658.31,1988599,72879653300.00,3908690
2023-08-15 00:00:00,3706.31,3711.23,3655.93,3706.31,2148368,78872859840.00,3846713
2023-08-16 00:00:00,3722.95,3724.53,3699.51,3722.95,1676906,62156623680.00,3809574
2023-08-17 00:00:00,3737.35,3740.39,3688.66,3737.35,1983241,73530232990.00,3724410
2023-08-18 00:00:00,3710.62,3747.70,3702.67,3710.62,1688010,62847332640.00,3682779
2023-08-21 00:00:00,3676.29,3711.47,3641.00,3676.29,2718192,99787443930.00,3682562
2023-08-22 00:00:00,3723.60,3738.56,3655.56,3723.60,2439944,90018233890.00,3541670
2023-08-23 00:00:00,3732.82,3762.74,3720.01,3732.82,2149452,80346618840.00,3461823
2023-08-24 00:00:00,3700.60,3777.32,3700.45,3700.60,2242991,83919300960.00,3465439
2023-08-25 00:00:00,3732.62,3748.44,3700.60,3732.62,1910619,71085308130.00,3463425
2023-08-28 00:00:00,3686.61,3756.78,3664.55,3686.61,3303337,122324376880.00,3575859
2023-08-29 00:00:00,3690.58,3715.40,3674.41,3690.58,2039661,75196303570.00,3535898
2023-08-30 00:00:00,3718.19,3721.81,3685.29,3718.19,2169262,80256499870.00,3588882
2023-08-31 00:00:00,3750.29,3754.25,3718.19,3750.29,2218512,82880069490.00,3626889
2023-09-01 00:00:00,3797.88,3798.46,3745.13,3797.88,2114361,79725651660.00,3633525
2023-09-04 00:00:00,3797.73,3823.83,3783.63,3797.73,2017807,76665915300.00,3644929
2023-09-05 00:00:00,3778.74,3819.47,3770.71,3778.74,1836880,69771469290.00,3668501
2023-09-06 00:00:00,3792.59,3804.23,3773.45,3792.59,1462547,55445313290.00,3716354
2023-09-07 00:00:00,3780.02,3805.28,3749.37,3780.02,2336232,88335127350.00,3683124
2023-09-08 00:00:00,3703.44,3784.60,3699.36,3703.44,2372075,88979030590.00,3680148
2023-09-11 00:00:00,3744.89,3757.59,3697.49,3744.89,1926859,71969467120.00,3680927
2023-09-12 00:00:00,3774.60,3783.79,3745.41,3774.60,1686442,63678991370.00,3658555
2023-09-13 00:00:00,3762.56,3786.40,3733.00,3762.56,1875894,70703523450.00,3637842
2023-09-14 00:00:00,3780.27,3780.63,3748.61,3780.27,1835455,69249269860.00,3670938
2023-09-15 00:00:00,3810.22,3816.61,3781.37,3810.22,1913663,72923737170.00,3712298
2023-09-18 00:00:00,3825.16,3827.64,3780.52,3825.16,2043637,77963509540.00,3763025
2023-09-19 00:00:00,3807.62,3854.14,3806.71,3807.62,1932849,74310546120.00,3670875
2023-09-20 00:00:00,3816.61,3828.53,3799.27,3816.61,1493655,57192437350.00,3602078
2023-09-21 00:00:00,3742.20,3823.04,3737.07,3742.20,2396160,90854158090.00,3450786
2023-09-22 00:00:00,3760.26,3771.77,3733.46,3760.26,1492402,56155445950.00,3345296
2023-09-25 00:00:00,3701.54,3766.08,3692.50,3701.54,2116602,79028354430.00,3261902
2023-09-26 00:00:00,3665.27,3710.81,3656.70,3665.27,1874444,69177108470.00,3125783
2023-09-27 00:00:00,3671.90,3685.21,3662.99,3671.90,1191602,43803746620.00,3024003
2023-09-28 00:00:00,3683.52,3707.25,3672.18,3683.52,1272694,47004720400.00,2852054
2023-10-09 00:00:00,3633.10,3683.37,3615.65,3633.10,1180209,42956946560.00,2970167
2023-10-10 00:00:00,3603.36,3646.40,3592.00,3603.36,1549428,56138404000.00,3024283
2023-10-11 00:00:00,3611.83,3627.12,3584.62,3611.83,1264240,45678655420.00,3024237
2023-10-12 00:00:00,3620.42,3625.45,3590.39,3620.42,1432626,51784424500.00,3068256
2023-10-13 00:00:00,3616.48,3640.22,3598.08,3616.48,1361370,49248422160.00,3083389
2023-10-16 00:00:00,3658.33,3663.24,3592.60,3658.33,1880133,68155862240.00,3073223
2023-10-17 00:00:00,3650.91,3673.84,3639.90,3650.91,1240219,45302858010.00,3054123
2023-10-18 00:00:00,3620.66,3663.66,3610.55,3620.66,1544593,56165458700.00,3158366
2023-10-19 00:00:00,3648.36,3654.55,3601.33,3648.36,1484877,53829311430.00,3099870
2023-10-20 00:00:00,3612.82,3662.38,3603.71,3612.82,1613188,58568854780.00,3093471
2023-10-23 00:00:00,3578.00,3619.48,3564.62,3578.00,1798553,64455408540.00,3178120
2023-10-24 00:00:00,3633.79,3639.60,3578.07,3633.79,1628342,58582289640.00,3074982
2023-10-25 00:00:00,3678.61,3691.64,3633.89,3678.61,1944068,71260119750.00,2992507
2023-10-26 00:00:00,3687.05,3690.36,3662.43,3687.05,1305656,47938904720.00,2972405
2023-10-27 00:00:00,3725.97,3728.88,3671.74,3725.97,1649482,60948754690.00,2949851
